open_time,open,high,low,close,close_time,volume,signal,stop_loss,fill_status
2025-06-20 06:07:00,104450.0,104715.1,104443.2,104547.1,2025-06-20 06:07:59.999000,583.356,,,
2025-06-20 06:08:00,104549.6,104566.1,104502.5,104516.1,2025-06-20 06:08:59.999000,7.71,,,
2025-06-20 06:09:00,104516.1,104526.0,104486.5,104499.4,2025-06-20 06:09:59.999000,7.993,,,
2025-06-20 06:10:00,104499.5,104543.7,104492.4,104525.2,2025-06-20 06:10:59.999000,13.567,,,
2025-06-20 06:11:00,104520.4,104524.6,104495.3,104499.1,2025-06-20 06:11:59.999000,6.993,,,
2025-06-20 06:12:00,104498.6,104501.3,104454.8,104461.3,2025-06-20 06:12:59.999000,6.504,,,
2025-06-20 06:13:00,104461.3,104484.1,104445.8,104484.0,2025-06-20 06:13:59.999000,11.216,,,
2025-06-20 06:14:00,104484.0,104494.9,104480.2,104492.6,2025-06-20 06:14:59.999000,5.508,,,
2025-06-20 06:15:00,104492.6,104501.7,104490.0,104491.8,2025-06-20 06:15:59.999000,3.787,,,
2025-06-20 06:16:00,104491.8,104519.5,104487.0,104519.5,2025-06-20 06:16:59.999000,7.563,,,
2025-06-20 06:17:00,104514.7,104536.7,104514.7,104536.7,2025-06-20 06:17:59.999000,3.485,,,
2025-06-20 06:18:00,104536.2,104548.3,104536.1,104536.1,2025-06-20 06:18:59.999000,3.068,,,
2025-06-20 06:19:00,104536.2,104539.3,104536.1,104537.9,2025-06-20 06:19:59.999000,0.801,,,
2025-06-20 06:20:00,104547.3,104569.5,104475.6,104475.6,2025-06-20 06:20:59.999000,11.057,,,
2025-06-20 06:21:00,104495.9,104495.9,104424.8,104424.8,2025-06-20 06:21:59.999000,10.276,,,
2025-06-20 06:22:00,104424.0,104473.2,104421.5,104468.1,2025-06-20 06:22:59.999000,7.983,,,
2025-06-20 06:23:00,104473.0,104493.6,104468.1,104493.6,2025-06-20 06:23:59.999000,0.813,,,
2025-06-20 06:24:00,104493.6,104500.2,104437.2,104440.2,2025-06-20 06:24:59.999000,23.137,,,
2025-06-20 06:25:00,104434.5,104473.8,104434.0,104473.3,2025-06-20 06:25:59.999000,2.88,,,
2025-06-20 06:26:00,104473.3,104485.5,104459.4,104480.9,2025-06-20 06:26:59.999000,7.059,,,
2025-06-20 06:27:00,104476.0,104480.5,104459.6,104467.9,2025-06-20 06:27:59.999000,12.732,,,
2025-06-20 06:28:00,104467.6,104474.4,104467.6,104470.1,2025-06-20 06:28:59.999000,3.918,,,
2025-06-20 06:29:00,104470.1,104470.1,104464.1,104464.1,2025-06-20 06:29:59.999000,0.995,,,
2025-06-20 06:30:00,104463.6,104486.1,104463.6,104472.5,2025-06-20 06:30:59.999000,3.313,,,
2025-06-20 06:31:00,104472.4,104481.9,104470.3,104481.9,2025-06-20 06:31:59.999000,1.314,,,
2025-06-20 06:32:00,104481.9,104513.8,104481.3,104513.8,2025-06-20 06:32:59.999000,6.582,,,
2025-06-20 06:33:00,104513.5,104562.6,104511.8,104562.4,2025-06-20 06:33:59.999000,10.27,,,
2025-06-20 06:34:00,104562.5,104562.5,104558.9,104558.9,2025-06-20 06:34:59.999000,0.298,,,
2025-06-20 06:35:00,104559.9,104577.7,104551.7,104577.6,2025-06-20 06:35:59.999000,4.722,,,
2025-06-20 06:36:00,104577.7,104709.1,104572.8,104638.8,2025-06-20 06:36:59.999000,17.199,,,
2025-06-20 06:37:00,104638.8,104792.5,104638.8,104664.5,2025-06-20 06:37:59.999000,23.852,,,
2025-06-20 06:38:00,104664.6,104664.6,104640.0,104662.6,2025-06-20 06:38:59.999000,6.282,,,
2025-06-20 06:39:00,104662.6,104662.8,104622.6,104622.7,2025-06-20 06:39:59.999000,6.757,,,
2025-06-20 06:40:00,104625.2,104637.5,104612.2,104635.8,2025-06-20 06:40:59.999000,4.526,,,
2025-06-20 06:41:00,104635.8,104657.9,104635.8,104657.9,2025-06-20 06:41:59.999000,0.835,,,
2025-06-20 06:42:00,104657.9,104677.0,104657.8,104676.4,2025-06-20 06:42:59.999000,8.445,,,
2025-06-20 06:43:00,104664.6,104675.9,104664.5,104675.8,2025-06-20 06:43:59.999000,3.599,,,
2025-06-20 06:44:00,104675.9,104676.5,104618.2,104618.2,2025-06-20 06:44:59.999000,5.455,,,
2025-06-20 06:45:00,104618.3,104650.7,104618.2,104623.1,2025-06-20 06:45:59.999000,0.5,,,
2025-06-20 06:46:00,104623.6,104633.3,104623.6,104633.3,2025-06-20 06:46:59.999000,4.561,,,
2025-06-20 06:47:00,104633.3,104676.5,104632.6,104676.5,2025-06-20 06:47:59.999000,6.143,,,
2025-06-20 06:48:00,104676.5,104676.5,104667.8,104676.5,2025-06-20 06:48:59.999000,4.684,,,
2025-06-20 06:49:00,104676.5,104717.0,104661.6,104703.6,2025-06-20 06:49:59.999000,4.579,,,
2025-06-20 06:50:00,104703.6,104706.4,104655.1,104655.1,2025-06-20 06:50:59.999000,6.035,,,
2025-06-20 06:51:00,104653.7,104671.5,104635.7,104635.7,2025-06-20 06:51:59.999000,0.264,,,
2025-06-20 06:52:00,104636.7,104645.0,104616.0,104617.3,2025-06-20 06:52:59.999000,1.549,,,
2025-06-20 06:53:00,104615.9,104616.0,104607.0,104609.0,2025-06-20 06:53:59.999000,0.833,,,
2025-06-20 06:54:00,104609.0,104609.2,104563.0,104565.2,2025-06-20 06:54:59.999000,9.704,,,
2025-06-20 06:55:00,104565.2,104565.2,104554.5,104554.5,2025-06-20 06:55:59.999000,2.91,,,
2025-06-20 06:56:00,104561.3,104590.2,104561.2,104575.3,2025-06-20 06:56:59.999000,3.371,,,
2025-06-20 06:57:00,104575.5,104576.2,104548.4,104555.0,2025-06-20 06:57:59.999000,4.968,,,
2025-06-20 06:58:00,104555.8,104572.0,104553.9,104557.7,2025-06-20 06:58:59.999000,2.985,,,
2025-06-20 06:59:00,104555.6,104555.6,104544.7,104544.8,2025-06-20 06:59:59.999000,2.966,,,
2025-06-20 07:00:00,104546.8,104551.4,104532.0,104538.3,2025-06-20 07:00:59.999000,6.641,,,
2025-06-20 07:01:00,104533.0,104533.0,104504.2,104511.2,2025-06-20 07:01:59.999000,5.341,,,
2025-06-20 07:02:00,104504.7,104516.4,104500.0,104506.5,2025-06-20 07:02:59.999000,1.903,,,
2025-06-20 07:03:00,104500.1,104501.0,104500.0,104500.0,2025-06-20 07:03:59.999000,4.358,,,
2025-06-20 07:04:00,104500.0,104511.0,104449.0,104449.0,2025-06-20 07:04:59.999000,4.093,,,
2025-06-20 07:05:00,104448.8,104449.1,104448.7,104448.7,2025-06-20 07:05:59.999000,2.421,,,
2025-06-20 07:06:00,104448.7,104464.4,104448.7,104450.2,2025-06-20 07:06:59.999000,1.199,,,
2025-06-20 06:35:00,104559.9,104577.7,104551.7,104577.6,2025-06-20 06:35:59.999000,4.722,,,
2025-06-20 06:36:00,104577.7,104709.1,104572.8,104638.8,2025-06-20 06:36:59.999000,17.199,,,
2025-06-20 06:37:00,104638.8,104792.5,104638.8,104664.5,2025-06-20 06:37:59.999000,23.852,,,
2025-06-20 06:38:00,104664.6,104664.6,104640.0,104662.6,2025-06-20 06:38:59.999000,6.282,,,
2025-06-20 06:39:00,104662.6,104662.8,104622.6,104622.7,2025-06-20 06:39:59.999000,6.757,,,
2025-06-20 06:40:00,104625.2,104637.5,104612.2,104635.8,2025-06-20 06:40:59.999000,4.526,,,
2025-06-20 06:41:00,104635.8,104657.9,104635.8,104657.9,2025-06-20 06:41:59.999000,0.835,,,
2025-06-20 06:42:00,104657.9,104677.0,104657.8,104676.4,2025-06-20 06:42:59.999000,8.445,,,
2025-06-20 06:43:00,104664.6,104675.9,104664.5,104675.8,2025-06-20 06:43:59.999000,3.599,,,
2025-06-20 06:44:00,104675.9,104676.5,104618.2,104618.2,2025-06-20 06:44:59.999000,5.455,,,
2025-06-20 06:45:00,104618.3,104650.7,104618.2,104623.1,2025-06-20 06:45:59.999000,0.5,,,
2025-06-20 06:46:00,104623.6,104633.3,104623.6,104633.3,2025-06-20 06:46:59.999000,4.561,,,
2025-06-20 06:47:00,104633.3,104676.5,104632.6,104676.5,2025-06-20 06:47:59.999000,6.143,,,
2025-06-20 06:48:00,104676.5,104676.5,104667.8,104676.5,2025-06-20 06:48:59.999000,4.684,,,
2025-06-20 06:49:00,104676.5,104717.0,104661.6,104703.6,2025-06-20 06:49:59.999000,4.579,,,
2025-06-20 06:50:00,104703.6,104706.4,104655.1,104655.1,2025-06-20 06:50:59.999000,6.035,,,
2025-06-20 06:51:00,104653.7,104671.5,104635.7,104635.7,2025-06-20 06:51:59.999000,0.264,,,
2025-06-20 06:52:00,104636.7,104645.0,104616.0,104617.3,2025-06-20 06:52:59.999000,1.549,,,
2025-06-20 06:53:00,104615.9,104616.0,104607.0,104609.0,2025-06-20 06:53:59.999000,0.833,,,
2025-06-20 06:54:00,104609.0,104609.2,104563.0,104565.2,2025-06-20 06:54:59.999000,9.704,,,
2025-06-20 06:55:00,104565.2,104565.2,104554.5,104554.5,2025-06-20 06:55:59.999000,2.91,,,
2025-06-20 06:56:00,104561.3,104590.2,104561.2,104575.3,2025-06-20 06:56:59.999000,3.371,,,
2025-06-20 06:57:00,104575.5,104576.2,104548.4,104555.0,2025-06-20 06:57:59.999000,4.968,,,
2025-06-20 06:58:00,104555.8,104572.0,104553.9,104557.7,2025-06-20 06:58:59.999000,2.985,,,
2025-06-20 06:59:00,104555.6,104555.6,104544.7,104544.8,2025-06-20 06:59:59.999000,2.966,,,
2025-06-20 07:00:00,104546.8,104551.4,104532.0,104538.3,2025-06-20 07:00:59.999000,6.641,,,
2025-06-20 07:01:00,104533.0,104533.0,104504.2,104511.2,2025-06-20 07:01:59.999000,5.341,,,
2025-06-20 07:02:00,104504.7,104516.4,104500.0,104506.5,2025-06-20 07:02:59.999000,1.903,,,
2025-06-20 07:03:00,104500.1,104501.0,104500.0,104500.0,2025-06-20 07:03:59.999000,4.358,,,
2025-06-20 07:04:00,104500.0,104511.0,104449.0,104449.0,2025-06-20 07:04:59.999000,4.093,,,
2025-06-20 07:05:00,104448.8,104449.1,104448.7,104448.7,2025-06-20 07:05:59.999000,2.421,,,
2025-06-20 07:06:00,104448.7,104464.4,104448.7,104450.2,2025-06-20 07:06:59.999000,1.199,,,
2025-06-20 07:07:00,104450.0,104475.4,104450.0,104462.8,2025-06-20 07:07:59.999000,0.287,,,
2025-06-20 07:08:00,104464.0,104482.3,104463.0,104482.3,2025-06-20 07:08:59.999000,0.33,,,
2025-06-20 07:09:00,104482.3,104499.9,104482.3,104499.9,2025-06-20 07:09:59.999000,0.527,,,
2025-06-20 07:10:00,104499.3,104529.8,104499.1,104529.8,2025-06-20 07:10:59.999000,4.468,,,
2025-06-20 07:11:00,104530.2,104579.5,104530.2,104579.5,2025-06-20 07:11:59.999000,3.897,,,
2025-06-20 07:12:00,104579.5,104613.8,104570.7,104611.5,2025-06-20 07:12:59.999000,7.373,,,
2025-06-20 07:13:00,104613.7,104644.5,104612.8,104644.5,2025-06-20 07:13:59.999000,2.685,,,
2025-06-20 07:14:00,104644.5,104681.8,104644.4,104681.1,2025-06-20 07:14:59.999000,1.719,,,
2025-06-20 07:15:00,104681.1,104786.2,104674.0,104774.5,2025-06-20 07:15:59.999000,21.918,,,
2025-06-20 07:16:00,104774.4,104774.5,104771.0,104771.2,2025-06-20 07:16:59.999000,1.62,,,
2025-06-20 07:17:00,104771.8,104771.8,104762.7,104763.7,2025-06-20 07:17:59.999000,1.281,,,
2025-06-20 07:18:00,104766.0,104774.4,104764.0,104764.0,2025-06-20 07:18:59.999000,2.719,,,
2025-06-20 07:19:00,104764.1,104766.1,104764.0,104764.4,2025-06-20 07:19:59.999000,1.577,,,
2025-06-20 07:20:00,104765.5,104768.9,104764.4,104765.5,2025-06-20 07:20:59.999000,1.053,,,
2025-06-20 07:21:00,104765.5,104774.5,104764.4,104774.5,2025-06-20 07:21:59.999000,6.291,,,
2025-06-20 07:22:00,104774.4,104838.7,104768.9,104833.4,2025-06-20 07:22:59.999000,39.041,,,
2025-06-20 07:23:00,104821.0,104839.3,104804.0,104804.0,2025-06-20 07:23:59.999000,9.08,,,
2025-06-20 07:24:00,104809.7,104810.9,104622.0,104670.7,2025-06-20 07:24:59.999000,61.139,,,
2025-06-20 07:25:00,104675.9,104685.6,104675.9,104683.7,2025-06-20 07:25:59.999000,0.928,,,
2025-06-20 07:26:00,104679.2,104679.2,104618.3,104618.3,2025-06-20 07:26:59.999000,5.368,,,
2025-06-20 07:27:00,104618.3,104628.1,104618.3,104628.1,2025-06-20 07:27:59.999000,1.868,,,
2025-06-20 07:28:00,104628.1,104632.9,104604.9,104604.9,2025-06-20 07:28:59.999000,5.382,,,
2025-06-20 07:29:00,104604.9,104609.5,104585.7,104599.6,2025-06-20 07:29:59.999000,2.529,,,
2025-06-20 07:30:00,104599.9,104627.7,104599.4,104606.7,2025-06-20 07:30:59.999000,2.652,,,
2025-06-20 07:31:00,104606.8,104625.0,104606.7,104619.8,2025-06-20 07:31:59.999000,0.179,,,
2025-06-20 07:32:00,104619.8,104619.8,104580.8,104580.8,2025-06-20 07:32:59.999000,1.53,,,
2025-06-20 07:33:00,104580.9,104595.6,104580.7,104595.6,2025-06-20 07:33:59.999000,1.908,,,
2025-06-20 07:34:00,104595.6,104597.7,104579.5,104584.3,2025-06-20 07:34:59.999000,0.998,,,
2025-06-20 12:44:00,104309.9,104314.8,104306.6,104310.5,2025-06-20 12:44:59.999000,2.782,,,
2025-06-20 12:45:00,104310.4,104310.6,104309.9,104310.0,2025-06-20 12:45:59.999000,0.803,,,
2025-06-20 12:46:00,104310.0,104322.2,104310.0,104322.0,2025-06-20 12:46:59.999000,3.181,,,
2025-06-20 12:47:00,104317.4,104445.0,104300.0,104322.9,2025-06-20 12:47:59.999000,180.106,,,
2025-06-20 12:48:00,104300.1,104300.1,104275.0,104276.1,2025-06-20 12:48:59.999000,13.057,,,
2025-06-20 12:49:00,104276.1,104280.8,104275.0,104275.2,2025-06-20 12:49:59.999000,4.506,,,
2025-06-20 12:50:00,104275.2,104290.1,104275.0,104275.1,2025-06-20 12:50:59.999000,3.956,,,
2025-06-20 12:51:00,104275.1,104309.4,104275.0,104280.3,2025-06-20 12:51:59.999000,6.286,,,
2025-06-20 12:52:00,104280.0,104285.6,104250.0,104250.0,2025-06-20 12:52:59.999000,10.126,,,
2025-06-20 12:53:00,104250.1,104252.5,104250.0,104250.6,2025-06-20 12:53:59.999000,2.01,,,
2025-06-20 12:54:00,104250.1,104251.4,104250.0,104250.6,2025-06-20 12:54:59.999000,0.361,,,
2025-06-20 12:55:00,104250.1,104252.1,104250.0,104250.0,2025-06-20 12:55:59.999000,9.133,,,
2025-06-20 12:56:00,104250.1,104266.9,104250.0,104250.0,2025-06-20 12:56:59.999000,3.238,,,
2025-06-20 12:57:00,104253.8,104253.8,104250.0,104250.0,2025-06-20 12:57:59.999000,13.351,,,
2025-06-20 12:58:00,104250.1,104250.8,104250.0,104250.0,2025-06-20 12:58:59.999000,2.192,,,
2025-06-20 12:59:00,104250.8,104257.7,104250.0,104255.2,2025-06-20 12:59:59.999000,0.35,,,
2025-06-20 13:00:00,104250.1,104271.7,104250.0,104271.7,2025-06-20 13:00:59.999000,6.758,,,
2025-06-20 13:01:00,104271.7,104280.1,104250.0,104250.0,2025-06-20 13:01:59.999000,13.261,,,
2025-06-20 13:02:00,104272.4,104272.6,104250.0,104250.1,2025-06-20 13:02:59.999000,6.573,,,
2025-06-20 13:03:00,104250.8,104260.0,104250.0,104256.8,2025-06-20 13:03:59.999000,2.506,,,
2025-06-20 13:04:00,104256.8,104269.2,104256.8,104266.7,2025-06-20 13:04:59.999000,1.476,,,
2025-06-20 13:05:00,104266.7,104269.3,104266.6,104269.3,2025-06-20 13:05:59.999000,2.885,,,
2025-06-20 13:06:00,104269.2,104291.2,104260.8,104291.2,2025-06-20 13:06:59.999000,14.323,,,
2025-06-20 13:07:00,104294.6,104294.9,104287.2,104289.1,2025-06-20 13:07:59.999000,0.616,,,
2025-06-20 13:08:00,104289.1,104291.6,104279.4,104291.6,2025-06-20 13:08:59.999000,3.248,,,
2025-06-20 13:09:00,104291.5,104293.7,104291.4,104293.7,2025-06-20 13:09:59.999000,1.252,,,
2025-06-20 13:10:00,104298.5,104308.4,104291.3,104308.2,2025-06-20 13:10:59.999000,1.238,,,
2025-06-20 13:11:00,104308.2,104328.0,104303.8,104327.6,2025-06-20 13:11:59.999000,4.969,,,
2025-06-20 13:12:00,104328.6,104328.6,104299.3,104299.3,2025-06-20 13:12:59.999000,1.417,,,
2025-06-20 13:13:00,104299.3,104309.9,104299.3,104309.9,2025-06-20 13:13:59.999000,0.747,,,
2025-06-20 13:14:00,104309.9,104330.1,104308.3,104330.1,2025-06-20 13:14:59.999000,0.726,,,
2025-06-20 13:15:00,104330.1,104340.8,104330.0,104340.8,2025-06-20 13:15:59.999000,3.182,,,
2025-06-20 13:16:00,104341.6,104349.0,104339.1,104346.4,2025-06-20 13:16:59.999000,0.978,,,
2025-06-20 13:17:00,104346.2,104366.2,104346.2,104347.0,2025-06-20 13:17:59.999000,2.066,,,
2025-06-20 13:18:00,104347.7,104348.5,104345.8,104346.2,2025-06-20 13:18:59.999000,1.996,,,
2025-06-20 13:19:00,104347.4,104353.6,104317.4,104326.8,2025-06-20 13:19:59.999000,4.219,,,
2025-06-20 13:20:00,104326.8,104335.0,104326.1,104335.0,2025-06-20 13:20:59.999000,3.852,,,
2025-06-20 13:21:00,104334.9,104335.6,104315.5,104315.5,2025-06-20 13:21:59.999000,2.799,,,
2025-06-20 13:22:00,104316.1,104316.1,104300.0,104302.6,2025-06-20 13:22:59.999000,3.393,,,
2025-06-20 13:23:00,104306.3,104308.4,104284.0,104285.7,2025-06-20 13:23:59.999000,3.83,,,
2025-06-20 13:24:00,104285.7,104287.5,104281.8,104283.3,2025-06-20 13:24:59.999000,4.28,,,
2025-06-20 13:25:00,104283.3,104285.6,104275.0,104285.6,2025-06-20 13:25:59.999000,0.846,,,
2025-06-20 13:26:00,104285.4,104286.5,104276.7,104286.5,2025-06-20 13:26:59.999000,1.697,,,
2025-06-20 13:27:00,104286.5,104294.3,104275.0,104277.7,2025-06-20 13:27:59.999000,4.717,,,
2025-06-20 13:28:00,104277.7,104280.8,104275.0,104278.7,2025-06-20 13:28:59.999000,1.464,,,
2025-06-20 13:29:00,104278.6,104299.0,104278.6,104295.1,2025-06-20 13:29:59.999000,0.804,,,
2025-06-20 13:30:00,104299.0,104301.6,104289.8,104289.9,2025-06-20 13:30:59.999000,6.025,,,
2025-06-20 13:31:00,104289.8,104289.9,104275.0,104289.9,2025-06-20 13:31:59.999000,4.938,,,
2025-06-20 13:32:00,104289.9,104337.6,104289.9,104337.6,2025-06-20 13:32:59.999000,5.482,,,
2025-06-20 13:33:00,104338.0,104351.9,104338.0,104351.5,2025-06-20 13:33:59.999000,1.02,,,
2025-06-20 13:34:00,104351.6,104351.8,104340.3,104347.2,2025-06-20 13:34:59.999000,2.664,,,
2025-06-20 13:35:00,104347.9,104366.7,104347.2,104366.7,2025-06-20 13:35:59.999000,5.546,,,
2025-06-20 13:36:00,104364.1,104396.3,104364.1,104384.2,2025-06-20 13:36:59.999000,9.1,,,
2025-06-20 13:37:00,104383.7,104395.7,104383.7,104395.7,2025-06-20 13:37:59.999000,2.566,,,
2025-06-20 13:38:00,104395.6,104417.1,104390.0,104417.0,2025-06-20 13:38:59.999000,12.758,,,
2025-06-20 13:39:00,104417.0,104417.0,104405.8,104417.0,2025-06-20 13:39:59.999000,6.195,,,
2025-06-20 13:40:00,104416.7,104417.0,104411.0,104411.0,2025-06-20 13:40:59.999000,1.708,,,
2025-06-20 13:41:00,104411.1,104434.6,104405.8,104434.5,2025-06-20 13:41:59.999000,5.75,,,
2025-06-20 13:42:00,104434.5,104434.5,104424.2,104434.5,2025-06-20 13:42:59.999000,4.158,,,
2025-06-20 13:43:00,104429.9,104434.5,104429.9,104434.5,2025-06-20 13:43:59.999000,4.276,,,
2025-06-20 13:45:00,104446.4,104448.3,104444.8,104448.3,2025-06-20 13:45:59.999000,6.988,,,
2025-06-20 13:46:00,104444.8,104448.3,104444.8,104448.2,2025-06-20 13:46:59.999000,1.952,,,
2025-06-20 13:47:00,104448.2,104448.3,104447.4,104448.3,2025-06-20 13:47:59.999000,3.125,,,
2025-06-20 13:48:00,104448.3,104448.3,104446.4,104448.3,2025-06-20 13:48:59.999000,0.31,,,
2025-06-20 13:49:00,104448.3,104448.3,104444.1,104448.3,2025-06-20 13:49:59.999000,3.459,,,
2025-06-20 13:50:00,104448.3,104448.3,104444.5,104448.3,2025-06-20 13:50:59.999000,8.303,,,
2025-06-20 13:51:00,104448.3,104448.3,104443.9,104445.1,2025-06-20 13:51:59.999000,1.688,,,
2025-06-20 13:52:00,104446.4,104655.0,104443.4,104509.1,2025-06-20 13:52:59.999000,185.157,,,
2025-06-20 13:53:00,104509.0,104509.1,104501.4,104509.1,2025-06-20 13:53:59.999000,3.953,,,
2025-06-20 13:54:00,104509.1,104509.1,104508.8,104508.8,2025-06-20 13:54:59.999000,0.67,,,
2025-06-20 13:55:00,104509.1,104509.1,104498.3,104509.1,2025-06-20 13:55:59.999000,4.967,,,
2025-06-20 13:56:00,104509.1,104509.1,104506.6,104509.1,2025-06-20 13:56:59.999000,3.232,,,
2025-06-20 13:57:00,104509.0,104509.1,104509.0,104509.1,2025-06-20 13:57:59.999000,0.291,,,
2025-06-20 13:58:00,104509.0,104509.1,104498.3,104509.1,2025-06-20 13:58:59.999000,5.501,,,
2025-06-20 13:59:00,104509.1,104509.1,104498.4,104509.1,2025-06-20 13:59:59.999000,0.599,,,
2025-06-20 14:00:00,104499.2,104600.0,104499.2,104598.0,2025-06-20 14:00:59.999000,75.72,,,
2025-06-20 14:01:00,104598.0,104599.5,104586.3,104599.5,2025-06-20 14:01:59.999000,4.674,,,
2025-06-20 14:02:00,104599.4,104599.4,104586.6,104586.7,2025-06-20 14:02:59.999000,1.866,,,
2025-06-20 14:03:00,104586.7,104696.8,104586.6,104670.6,2025-06-20 14:03:59.999000,36.636,,,
2025-06-20 14:04:00,104670.6,104847.9,104670.6,104699.9,2025-06-20 14:04:59.999000,151.673,,,
2025-06-20 14:05:00,104699.9,104711.9,104699.9,104711.9,2025-06-20 14:05:59.999000,6.915,,,
2025-06-20 14:06:00,104711.1,104716.3,104671.6,104687.8,2025-06-20 14:06:59.999000,4.177,,,
2025-06-20 14:07:00,104687.8,104697.4,104671.7,104674.6,2025-06-20 14:07:59.999000,3.084,,,
2025-06-20 14:08:00,104670.8,104673.9,104656.2,104656.2,2025-06-20 14:08:59.999000,4.369,,,
2025-06-20 14:09:00,104660.6,104660.6,104636.0,104637.1,2025-06-20 14:09:59.999000,1.983,,,
2025-06-20 14:10:00,104636.9,104651.0,104613.6,104637.1,2025-06-20 14:10:59.999000,4.884,,,
2025-06-20 14:11:00,104637.1,104637.1,104576.1,104590.3,2025-06-20 14:11:59.999000,18.02,,,
2025-06-20 14:12:00,104592.6,104592.8,104590.3,104592.7,2025-06-20 14:12:59.999000,3.394,,,
2025-06-20 14:13:00,104592.8,104626.9,104590.6,104626.2,2025-06-20 14:13:59.999000,3.092,,,
2025-06-20 14:14:00,104626.2,104634.2,104626.1,104631.9,2025-06-20 14:14:59.999000,2.225,,,
2025-06-20 14:15:00,104630.6,104633.3,104590.5,104590.5,2025-06-20 14:15:59.999000,7.768,,,
2025-06-20 14:16:00,104590.6,104598.8,104590.5,104598.6,2025-06-20 14:16:59.999000,0.377,,,
2025-06-20 14:17:00,104598.6,104600.0,104582.9,104592.6,2025-06-20 14:17:59.999000,1.039,,,
2025-06-20 14:18:00,104592.5,104624.2,104585.3,104612.4,2025-06-20 14:18:59.999000,2.032,,,
2025-06-20 14:19:00,104613.6,104613.6,104598.8,104607.2,2025-06-20 14:19:59.999000,4.494,,,
2025-06-20 14:20:00,104607.2,104618.4,104607.1,104618.3,2025-06-20 14:20:59.999000,4.606,,,
2025-06-20 14:21:00,104618.3,104652.8,104618.3,104650.4,2025-06-20 14:21:59.999000,2.87,,,
2025-06-20 14:22:00,104652.8,104680.0,104650.1,104676.5,2025-06-20 14:22:59.999000,3.855,,,
2025-06-20 14:23:00,104680.0,104686.3,104677.3,104686.2,2025-06-20 14:23:59.999000,0.384,,,
2025-06-20 14:24:00,104686.2,104687.5,104686.2,104686.3,2025-06-20 14:24:59.999000,0.242,,,
2025-06-20 14:25:00,104686.6,104687.7,104681.4,104685.3,2025-06-20 14:25:59.999000,2.915,,,
2025-06-20 14:26:00,104685.3,104707.5,104684.6,104707.5,2025-06-20 14:26:59.999000,3.409,,,
2025-06-20 14:27:00,104694.7,104709.5,104693.8,104695.5,2025-06-20 14:27:59.999000,2.711,,,
2025-06-20 14:28:00,104695.5,104696.5,104683.2,104686.3,2025-06-20 14:28:59.999000,3.368,,,
2025-06-20 14:29:00,104686.3,104686.4,104648.2,104648.2,2025-06-20 14:29:59.999000,4.378,,,
2025-06-20 14:30:00,104646.2,104655.9,104645.9,104655.9,2025-06-20 14:30:59.999000,1.191,,,
2025-06-20 14:31:00,104655.9,104673.1,104655.9,104673.1,2025-06-20 14:31:59.999000,3.572,,,
2025-06-20 14:32:00,104673.2,104686.1,104673.1,104686.1,2025-06-20 14:32:59.999000,2.566,,,
2025-06-20 14:33:00,104686.1,104693.8,104686.1,104693.7,2025-06-20 14:33:59.999000,2.406,,,
2025-06-20 14:34:00,104693.7,104693.8,104689.2,104692.3,2025-06-20 14:34:59.999000,0.298,,,
2025-06-20 14:35:00,104691.4,104691.5,104669.9,104674.9,2025-06-20 14:35:59.999000,2.325,,,
2025-06-20 14:36:00,104675.0,104675.0,104671.3,104675.0,2025-06-20 14:36:59.999000,1.676,,,
2025-06-20 14:37:00,104675.0,104682.4,104674.9,104680.2,2025-06-20 14:37:59.999000,2.309,,,
2025-06-20 14:38:00,104680.2,104680.3,104680.2,104680.3,2025-06-20 14:38:59.999000,1.488,,,
2025-06-20 14:39:00,104680.3,104694.0,104680.2,104693.9,2025-06-20 14:39:59.999000,3.023,,,
2025-06-20 14:40:00,104694.1,104698.2,104688.2,104698.2,2025-06-20 14:40:59.999000,2.558,,,
2025-06-20 14:41:00,104698.1,104705.7,104688.7,104691.8,2025-06-20 14:41:59.999000,5.964,,,
2025-06-20 14:42:00,104688.7,104693.7,104684.0,104693.7,2025-06-20 14:42:59.999000,4.275,,,
2025-06-20 14:43:00,104691.6,104709.8,104691.6,104709.8,2025-06-20 14:43:59.999000,1.242,,,
2025-06-20 14:44:00,104714.0,104718.5,104710.9,104712.7,2025-06-20 14:44:59.999000,1.142,,,
2025-06-20 13:48:00,104448.3,104448.3,104446.4,104448.3,2025-06-20 13:48:59.999000,0.31,,,
2025-06-20 13:49:00,104448.3,104448.3,104444.1,104448.3,2025-06-20 13:49:59.999000,3.459,,,
2025-06-20 13:50:00,104448.3,104448.3,104444.5,104448.3,2025-06-20 13:50:59.999000,8.303,,,
2025-06-20 13:51:00,104448.3,104448.3,104443.9,104445.1,2025-06-20 13:51:59.999000,1.688,,,
2025-06-20 13:52:00,104446.4,104655.0,104443.4,104509.1,2025-06-20 13:52:59.999000,185.157,,,
2025-06-20 13:53:00,104509.0,104509.1,104501.4,104509.1,2025-06-20 13:53:59.999000,3.953,,,
2025-06-20 13:54:00,104509.1,104509.1,104508.8,104508.8,2025-06-20 13:54:59.999000,0.67,,,
2025-06-20 13:55:00,104509.1,104509.1,104498.3,104509.1,2025-06-20 13:55:59.999000,4.967,,,
2025-06-20 13:56:00,104509.1,104509.1,104506.6,104509.1,2025-06-20 13:56:59.999000,3.232,,,
2025-06-20 13:57:00,104509.0,104509.1,104509.0,104509.1,2025-06-20 13:57:59.999000,0.291,,,
2025-06-20 13:58:00,104509.0,104509.1,104498.3,104509.1,2025-06-20 13:58:59.999000,5.501,,,
2025-06-20 13:59:00,104509.1,104509.1,104498.4,104509.1,2025-06-20 13:59:59.999000,0.599,,,
2025-06-20 14:00:00,104499.2,104600.0,104499.2,104598.0,2025-06-20 14:00:59.999000,75.72,,,
2025-06-20 14:01:00,104598.0,104599.5,104586.3,104599.5,2025-06-20 14:01:59.999000,4.674,,,
2025-06-20 14:02:00,104599.4,104599.4,104586.6,104586.7,2025-06-20 14:02:59.999000,1.866,,,
2025-06-20 14:03:00,104586.7,104696.8,104586.6,104670.6,2025-06-20 14:03:59.999000,36.636,,,
2025-06-20 14:04:00,104670.6,104847.9,104670.6,104699.9,2025-06-20 14:04:59.999000,151.673,,,
2025-06-20 14:05:00,104699.9,104711.9,104699.9,104711.9,2025-06-20 14:05:59.999000,6.915,,,
2025-06-20 14:06:00,104711.1,104716.3,104671.6,104687.8,2025-06-20 14:06:59.999000,4.177,,,
2025-06-20 14:07:00,104687.8,104697.4,104671.7,104674.6,2025-06-20 14:07:59.999000,3.084,,,
2025-06-20 14:08:00,104670.8,104673.9,104656.2,104656.2,2025-06-20 14:08:59.999000,4.369,,,
2025-06-20 14:09:00,104660.6,104660.6,104636.0,104637.1,2025-06-20 14:09:59.999000,1.983,,,
2025-06-20 14:10:00,104636.9,104651.0,104613.6,104637.1,2025-06-20 14:10:59.999000,4.884,,,
2025-06-20 14:11:00,104637.1,104637.1,104576.1,104590.3,2025-06-20 14:11:59.999000,18.02,,,
2025-06-20 14:12:00,104592.6,104592.8,104590.3,104592.7,2025-06-20 14:12:59.999000,3.394,,,
2025-06-20 14:13:00,104592.8,104626.9,104590.6,104626.2,2025-06-20 14:13:59.999000,3.092,,,
2025-06-20 14:14:00,104626.2,104634.2,104626.1,104631.9,2025-06-20 14:14:59.999000,2.225,,,
2025-06-20 14:15:00,104630.6,104633.3,104590.5,104590.5,2025-06-20 14:15:59.999000,7.768,,,
2025-06-20 14:16:00,104590.6,104598.8,104590.5,104598.6,2025-06-20 14:16:59.999000,0.377,,,
2025-06-20 14:17:00,104598.6,104600.0,104582.9,104592.6,2025-06-20 14:17:59.999000,1.039,,,
2025-06-20 14:18:00,104592.5,104624.2,104585.3,104612.4,2025-06-20 14:18:59.999000,2.032,,,
2025-06-20 14:19:00,104613.6,104613.6,104598.8,104607.2,2025-06-20 14:19:59.999000,4.494,,,
2025-06-20 14:20:00,104607.2,104618.4,104607.1,104618.3,2025-06-20 14:20:59.999000,4.606,,,
2025-06-20 14:21:00,104618.3,104652.8,104618.3,104650.4,2025-06-20 14:21:59.999000,2.87,,,
2025-06-20 14:22:00,104652.8,104680.0,104650.1,104676.5,2025-06-20 14:22:59.999000,3.855,,,
2025-06-20 14:23:00,104680.0,104686.3,104677.3,104686.2,2025-06-20 14:23:59.999000,0.384,,,
2025-06-20 14:24:00,104686.2,104687.5,104686.2,104686.3,2025-06-20 14:24:59.999000,0.242,,,
2025-06-20 14:25:00,104686.6,104687.7,104681.4,104685.3,2025-06-20 14:25:59.999000,2.915,,,
2025-06-20 14:26:00,104685.3,104707.5,104684.6,104707.5,2025-06-20 14:26:59.999000,3.409,,,
2025-06-20 14:27:00,104694.7,104709.5,104693.8,104695.5,2025-06-20 14:27:59.999000,2.711,,,
2025-06-20 14:28:00,104695.5,104696.5,104683.2,104686.3,2025-06-20 14:28:59.999000,3.368,,,
2025-06-20 14:29:00,104686.3,104686.4,104648.2,104648.2,2025-06-20 14:29:59.999000,4.378,,,
2025-06-20 14:30:00,104646.2,104655.9,104645.9,104655.9,2025-06-20 14:30:59.999000,1.191,,,
2025-06-20 14:31:00,104655.9,104673.1,104655.9,104673.1,2025-06-20 14:31:59.999000,3.572,,,
2025-06-20 14:32:00,104673.2,104686.1,104673.1,104686.1,2025-06-20 14:32:59.999000,2.566,,,
2025-06-20 14:33:00,104686.1,104693.8,104686.1,104693.7,2025-06-20 14:33:59.999000,2.406,,,
2025-06-20 14:34:00,104693.7,104693.8,104689.2,104692.3,2025-06-20 14:34:59.999000,0.298,,,
2025-06-20 14:35:00,104691.4,104691.5,104669.9,104674.9,2025-06-20 14:35:59.999000,2.325,,,
2025-06-20 14:36:00,104675.0,104675.0,104671.3,104675.0,2025-06-20 14:36:59.999000,1.676,,,
2025-06-20 14:37:00,104675.0,104682.4,104674.9,104680.2,2025-06-20 14:37:59.999000,2.309,,,
2025-06-20 14:38:00,104680.2,104680.3,104680.2,104680.3,2025-06-20 14:38:59.999000,1.488,,,
2025-06-20 14:39:00,104680.3,104694.0,104680.2,104693.9,2025-06-20 14:39:59.999000,3.023,,,
2025-06-20 14:40:00,104694.1,104698.2,104688.2,104698.2,2025-06-20 14:40:59.999000,2.558,,,
2025-06-20 14:41:00,104698.1,104705.7,104688.7,104691.8,2025-06-20 14:41:59.999000,5.964,,,
2025-06-20 14:42:00,104688.7,104693.7,104684.0,104693.7,2025-06-20 14:42:59.999000,4.275,,,
2025-06-20 14:43:00,104691.6,104709.8,104691.6,104709.8,2025-06-20 14:43:59.999000,1.242,,,
2025-06-20 14:44:00,104714.0,104718.5,104710.9,104712.7,2025-06-20 14:44:59.999000,1.142,,,
2025-06-20 14:45:00,104710.8,104713.3,104679.8,104679.8,2025-06-20 14:45:59.999000,4.514,,,
2025-06-20 14:46:00,104679.8,104680.0,104646.2,104656.7,2025-06-20 14:46:59.999000,14.525,,,
2025-06-20 14:47:00,104653.9,104670.7,104651.9,104670.7,2025-06-20 14:47:59.999000,5.617,,,
2025-06-20 13:52:00,104446.4,104655.0,104443.4,104509.1,2025-06-20 13:52:59.999000,185.157,,,
2025-06-20 13:53:00,104509.0,104509.1,104501.4,104509.1,2025-06-20 13:53:59.999000,3.953,,,
2025-06-20 13:54:00,104509.1,104509.1,104508.8,104508.8,2025-06-20 13:54:59.999000,0.67,,,
2025-06-20 13:55:00,104509.1,104509.1,104498.3,104509.1,2025-06-20 13:55:59.999000,4.967,,,
2025-06-20 13:56:00,104509.1,104509.1,104506.6,104509.1,2025-06-20 13:56:59.999000,3.232,,,
2025-06-20 13:57:00,104509.0,104509.1,104509.0,104509.1,2025-06-20 13:57:59.999000,0.291,,,
2025-06-20 13:58:00,104509.0,104509.1,104498.3,104509.1,2025-06-20 13:58:59.999000,5.501,,,
2025-06-20 13:59:00,104509.1,104509.1,104498.4,104509.1,2025-06-20 13:59:59.999000,0.599,,,
2025-06-20 14:00:00,104499.2,104600.0,104499.2,104598.0,2025-06-20 14:00:59.999000,75.72,,,
2025-06-20 14:01:00,104598.0,104599.5,104586.3,104599.5,2025-06-20 14:01:59.999000,4.674,,,
2025-06-20 14:02:00,104599.4,104599.4,104586.6,104586.7,2025-06-20 14:02:59.999000,1.866,,,
2025-06-20 14:03:00,104586.7,104696.8,104586.6,104670.6,2025-06-20 14:03:59.999000,36.636,,,
2025-06-20 14:04:00,104670.6,104847.9,104670.6,104699.9,2025-06-20 14:04:59.999000,151.673,,,
2025-06-20 14:05:00,104699.9,104711.9,104699.9,104711.9,2025-06-20 14:05:59.999000,6.915,,,
2025-06-20 14:06:00,104711.1,104716.3,104671.6,104687.8,2025-06-20 14:06:59.999000,4.177,,,
2025-06-20 14:07:00,104687.8,104697.4,104671.7,104674.6,2025-06-20 14:07:59.999000,3.084,,,
2025-06-20 14:08:00,104670.8,104673.9,104656.2,104656.2,2025-06-20 14:08:59.999000,4.369,,,
2025-06-20 14:09:00,104660.6,104660.6,104636.0,104637.1,2025-06-20 14:09:59.999000,1.983,,,
2025-06-20 14:10:00,104636.9,104651.0,104613.6,104637.1,2025-06-20 14:10:59.999000,4.884,,,
2025-06-20 14:11:00,104637.1,104637.1,104576.1,104590.3,2025-06-20 14:11:59.999000,18.02,,,
2025-06-20 14:12:00,104592.6,104592.8,104590.3,104592.7,2025-06-20 14:12:59.999000,3.394,,,
2025-06-20 14:13:00,104592.8,104626.9,104590.6,104626.2,2025-06-20 14:13:59.999000,3.092,,,
2025-06-20 14:14:00,104626.2,104634.2,104626.1,104631.9,2025-06-20 14:14:59.999000,2.225,,,
2025-06-20 14:15:00,104630.6,104633.3,104590.5,104590.5,2025-06-20 14:15:59.999000,7.768,,,
2025-06-20 14:16:00,104590.6,104598.8,104590.5,104598.6,2025-06-20 14:16:59.999000,0.377,,,
2025-06-20 14:17:00,104598.6,104600.0,104582.9,104592.6,2025-06-20 14:17:59.999000,1.039,,,
2025-06-20 14:18:00,104592.5,104624.2,104585.3,104612.4,2025-06-20 14:18:59.999000,2.032,,,
2025-06-20 14:19:00,104613.6,104613.6,104598.8,104607.2,2025-06-20 14:19:59.999000,4.494,,,
2025-06-20 14:20:00,104607.2,104618.4,104607.1,104618.3,2025-06-20 14:20:59.999000,4.606,,,
2025-06-20 14:21:00,104618.3,104652.8,104618.3,104650.4,2025-06-20 14:21:59.999000,2.87,,,
2025-06-20 14:22:00,104652.8,104680.0,104650.1,104676.5,2025-06-20 14:22:59.999000,3.855,,,
2025-06-20 14:23:00,104680.0,104686.3,104677.3,104686.2,2025-06-20 14:23:59.999000,0.384,,,
2025-06-20 14:24:00,104686.2,104687.5,104686.2,104686.3,2025-06-20 14:24:59.999000,0.242,,,
2025-06-20 14:25:00,104686.6,104687.7,104681.4,104685.3,2025-06-20 14:25:59.999000,2.915,,,
2025-06-20 14:26:00,104685.3,104707.5,104684.6,104707.5,2025-06-20 14:26:59.999000,3.409,,,
2025-06-20 14:27:00,104694.7,104709.5,104693.8,104695.5,2025-06-20 14:27:59.999000,2.711,,,
2025-06-20 14:28:00,104695.5,104696.5,104683.2,104686.3,2025-06-20 14:28:59.999000,3.368,,,
2025-06-20 14:29:00,104686.3,104686.4,104648.2,104648.2,2025-06-20 14:29:59.999000,4.378,,,
2025-06-20 14:30:00,104646.2,104655.9,104645.9,104655.9,2025-06-20 14:30:59.999000,1.191,,,
2025-06-20 14:31:00,104655.9,104673.1,104655.9,104673.1,2025-06-20 14:31:59.999000,3.572,,,
2025-06-20 14:32:00,104673.2,104686.1,104673.1,104686.1,2025-06-20 14:32:59.999000,2.566,,,
2025-06-20 14:33:00,104686.1,104693.8,104686.1,104693.7,2025-06-20 14:33:59.999000,2.406,,,
2025-06-20 14:34:00,104693.7,104693.8,104689.2,104692.3,2025-06-20 14:34:59.999000,0.298,,,
2025-06-20 14:35:00,104691.4,104691.5,104669.9,104674.9,2025-06-20 14:35:59.999000,2.325,,,
2025-06-20 14:36:00,104675.0,104675.0,104671.3,104675.0,2025-06-20 14:36:59.999000,1.676,,,
2025-06-20 14:37:00,104675.0,104682.4,104674.9,104680.2,2025-06-20 14:37:59.999000,2.309,,,
2025-06-20 14:38:00,104680.2,104680.3,104680.2,104680.3,2025-06-20 14:38:59.999000,1.488,,,
2025-06-20 14:39:00,104680.3,104694.0,104680.2,104693.9,2025-06-20 14:39:59.999000,3.023,,,
2025-06-20 14:40:00,104694.1,104698.2,104688.2,104698.2,2025-06-20 14:40:59.999000,2.558,,,
2025-06-20 14:41:00,104698.1,104705.7,104688.7,104691.8,2025-06-20 14:41:59.999000,5.964,,,
2025-06-20 14:42:00,104688.7,104693.7,104684.0,104693.7,2025-06-20 14:42:59.999000,4.275,,,
2025-06-20 14:43:00,104691.6,104709.8,104691.6,104709.8,2025-06-20 14:43:59.999000,1.242,,,
2025-06-20 14:44:00,104714.0,104718.5,104710.9,104712.7,2025-06-20 14:44:59.999000,1.142,,,
2025-06-20 14:45:00,104710.8,104713.3,104679.8,104679.8,2025-06-20 14:45:59.999000,4.514,,,
2025-06-20 14:46:00,104679.8,104680.0,104646.2,104656.7,2025-06-20 14:46:59.999000,14.525,,,
2025-06-20 14:47:00,104653.9,104670.7,104651.9,104670.7,2025-06-20 14:47:59.999000,5.617,,,
2025-06-20 14:48:00,104670.7,104680.1,104667.2,104673.7,2025-06-20 14:48:59.999000,1.012,,,
2025-06-20 14:49:00,104673.8,104675.4,104673.7,104673.7,2025-06-20 14:49:59.999000,0.861,,,
2025-06-20 14:50:00,104671.3,104671.3,104663.5,104663.5,2025-06-20 14:50:59.999000,0.162,,,
2025-06-20 14:51:00,104657.3,104664.8,104638.8,104645.9,2025-06-20 14:51:59.999000,0.288,,,
2025-06-20 19:40:00,105791.9,105823.6,105784.3,105823.6,2025-06-20 19:40:59.999000,7.328,,,
2025-06-20 19:41:00,105823.6,105826.5,105818.6,105824.6,2025-06-20 19:41:59.999000,2.565,,,
2025-06-20 19:42:00,105824.6,105826.4,105818.5,105822.8,2025-06-20 19:42:59.999000,1.631,,,
2025-06-20 19:43:00,105822.8,105830.0,105822.7,105830.0,2025-06-20 19:43:59.999000,7.68,,,
2025-06-20 19:44:00,105829.9,105867.5,105820.1,105867.5,2025-06-20 19:44:59.999000,15.487,,,
2025-06-20 19:45:00,105867.5,105991.0,105863.3,105979.6,2025-06-20 19:45:59.999000,29.07,,,
2025-06-20 19:46:00,105979.6,105992.6,105979.6,105992.6,2025-06-20 19:46:59.999000,7.813,,,
2025-06-20 19:47:00,105992.6,106009.9,105986.9,106002.2,2025-06-20 19:47:59.999000,13.998,,,
2025-06-20 19:48:00,106009.6,106034.7,106009.5,106020.2,2025-06-20 19:48:59.999000,22.374,,,
2025-06-20 19:49:00,106020.4,106024.3,106014.9,106014.9,2025-06-20 19:49:59.999000,7.153,,,
2025-06-20 19:50:00,106014.9,106017.6,106014.9,106017.6,2025-06-20 19:50:59.999000,4.46,,,
2025-06-20 19:51:00,106014.9,106014.9,106000.0,106000.1,2025-06-20 19:51:59.999000,12.919,,,
2025-06-20 19:52:00,106001.2,106002.4,106000.1,106000.2,2025-06-20 19:52:59.999000,1.242,,,
2025-06-20 19:53:00,106000.2,106017.6,106000.1,106000.1,2025-06-20 19:53:59.999000,10.035,,,
2025-06-20 19:54:00,106000.1,106009.0,105980.5,105989.4,2025-06-20 19:54:59.999000,10.14,,,
2025-06-20 19:55:00,105989.5,105989.5,105950.1,105956.5,2025-06-20 19:55:59.999000,2.478,,,
2025-06-20 19:56:00,105956.9,105956.9,105916.4,105916.5,2025-06-20 19:56:59.999000,10.293,,,
2025-06-20 19:57:00,105920.0,105926.9,105916.5,105926.9,2025-06-20 19:57:59.999000,3.2,,,
2025-06-20 19:58:00,105926.7,105952.1,105925.0,105952.1,2025-06-20 19:58:59.999000,12.418,,,
2025-06-20 19:59:00,105952.0,105992.0,105940.0,105962.0,2025-06-20 19:59:59.999000,6.568,,,
2025-06-20 20:00:00,105952.2,105957.8,105939.3,105953.4,2025-06-20 20:00:59.999000,7.384,,,
2025-06-20 20:01:00,105953.2,105962.0,105925.3,105936.0,2025-06-20 20:01:59.999000,8.942,,,
2025-06-20 20:02:00,105936.0,105937.5,105925.9,105930.0,2025-06-20 20:02:59.999000,7.155,,,
2025-06-20 20:03:00,105930.0,105969.1,105929.9,105968.4,2025-06-20 20:03:59.999000,8.996,,,
2025-06-20 20:04:00,105968.4,106007.2,105963.5,105973.0,2025-06-20 20:04:59.999000,9.363,,,
2025-06-20 20:05:00,105973.0,105976.0,105957.1,105959.0,2025-06-20 20:05:59.999000,9.748,,,
2025-06-20 20:06:00,105957.1,105962.7,105928.8,105931.0,2025-06-20 20:06:59.999000,4.344,,,
2025-06-20 20:07:00,105931.0,106006.1,105905.2,105905.3,2025-06-20 20:07:59.999000,33.382,,,
2025-06-20 20:08:00,105905.3,105910.7,105848.1,105849.6,2025-06-20 20:08:59.999000,2.057,,,
2025-06-20 20:09:00,105848.1,105869.2,105846.6,105869.2,2025-06-20 20:09:59.999000,8.855,,,
2025-06-20 20:10:00,105869.2,105893.9,105861.8,105879.3,2025-06-20 20:10:59.999000,4.923,,,
2025-06-20 20:11:00,105876.1,105877.4,105864.8,105875.3,2025-06-20 20:11:59.999000,9.794,,,
2025-06-20 20:12:00,105875.3,105919.3,105872.0,105919.3,2025-06-20 20:12:59.999000,5.072,,,
2025-06-20 20:13:00,105919.3,105934.7,105897.1,105897.1,2025-06-20 20:13:59.999000,4.252,,,
2025-06-20 20:14:00,105897.2,105912.3,105886.2,105912.2,2025-06-20 20:14:59.999000,7.924,,,
2025-06-20 20:15:00,105912.2,105914.6,105905.0,105912.1,2025-06-20 20:15:59.999000,3.805,,,
2025-06-20 20:16:00,105912.9,105914.7,105899.1,105899.1,2025-06-20 20:16:59.999000,2.588,,,
2025-06-20 20:17:00,105899.1,105908.8,105868.3,105900.6,2025-06-20 20:17:59.999000,9.857,,,
2025-06-20 20:18:00,105900.6,105912.7,105900.5,105900.6,2025-06-20 20:18:59.999000,7.209,,,
2025-06-20 20:19:00,105900.6,105928.7,105900.5,105928.6,2025-06-20 20:19:59.999000,4.289,,,
2025-06-20 20:20:00,105928.6,105950.0,105902.7,105905.7,2025-06-20 20:20:59.999000,17.83,,,
2025-06-20 20:21:00,105903.6,105907.9,105901.0,105902.7,2025-06-20 20:21:59.999000,6.94,,,
2025-06-20 20:22:00,105902.7,105911.0,105876.7,105876.8,2025-06-20 20:22:59.999000,5.56,,,
2025-06-20 20:23:00,105876.8,105885.5,105872.1,105885.3,2025-06-20 20:23:59.999000,5.917,,,
2025-06-20 20:24:00,105874.8,105881.7,105867.6,105874.9,2025-06-20 20:24:59.999000,5.46,,,
2025-06-20 20:25:00,105874.9,105908.8,105872.0,105908.8,2025-06-20 20:25:59.999000,6.899,,,
2025-06-20 20:26:00,105910.8,105934.4,105896.0,105896.0,2025-06-20 20:26:59.999000,6.829,,,
2025-06-20 20:27:00,105895.0,105929.9,105893.4,105929.2,2025-06-20 20:27:59.999000,1.854,,,
2025-06-20 20:28:00,105929.2,105929.6,105889.4,105900.0,2025-06-20 20:28:59.999000,9.323,,,
2025-06-20 20:29:00,105895.6,105907.8,105893.0,105905.4,2025-06-20 20:29:59.999000,4.498,,,
2025-06-20 20:30:00,105905.4,105908.6,105900.0,105900.3,2025-06-20 20:30:59.999000,1.157,,,
2025-06-20 20:31:00,105900.1,105900.8,105887.6,105900.2,2025-06-20 20:31:59.999000,5.537,,,
2025-06-20 20:32:00,105900.1,105900.2,105875.7,105878.8,2025-06-20 20:32:59.999000,5.175,,,
2025-06-20 20:33:00,105878.8,105915.0,105878.8,105904.4,2025-06-20 20:33:59.999000,8.94,,,
2025-06-20 20:34:00,105904.5,105950.0,105894.8,105950.0,2025-06-20 20:34:59.999000,23.378,,,
2025-06-20 20:35:00,105950.0,105983.9,105766.8,105983.9,2025-06-20 20:35:59.999000,39.555,,,
2025-06-20 20:36:00,105983.9,106001.6,105976.0,105983.1,2025-06-20 20:36:59.999000,19.089,,,
2025-06-20 20:37:00,105970.8,106002.6,105962.9,106002.6,2025-06-20 20:37:59.999000,23.447,,,
2025-06-20 20:38:00,106002.6,106043.0,106002.1,106042.9,2025-06-20 20:38:59.999000,11.893,,,
2025-06-20 20:39:00,106043.0,106046.3,105823.6,106031.9,2025-06-20 20:39:59.999000,98.285,,,
2025-06-20 20:29:00,105895.6,105907.8,105893.0,105905.4,2025-06-20 20:29:59.999000,4.498,,,
2025-06-20 20:30:00,105905.4,105908.6,105900.0,105900.3,2025-06-20 20:30:59.999000,1.157,,,
2025-06-20 20:31:00,105900.1,105900.8,105887.6,105900.2,2025-06-20 20:31:59.999000,5.537,,,
2025-06-20 20:32:00,105900.1,105900.2,105875.7,105878.8,2025-06-20 20:32:59.999000,5.175,,,
2025-06-20 20:33:00,105878.8,105915.0,105878.8,105904.4,2025-06-20 20:33:59.999000,8.94,,,
2025-06-20 20:34:00,105904.5,105950.0,105894.8,105950.0,2025-06-20 20:34:59.999000,23.378,,,
2025-06-20 20:35:00,105950.0,105983.9,105766.8,105983.9,2025-06-20 20:35:59.999000,39.555,,,
2025-06-20 20:36:00,105983.9,106001.6,105976.0,105983.1,2025-06-20 20:36:59.999000,19.089,,,
2025-06-20 20:37:00,105970.8,106002.6,105962.9,106002.6,2025-06-20 20:37:59.999000,23.447,,,
2025-06-20 20:38:00,106002.6,106043.0,106002.1,106042.9,2025-06-20 20:38:59.999000,11.893,,,
2025-06-20 20:39:00,106043.0,106046.3,105823.6,106031.9,2025-06-20 20:39:59.999000,98.285,,,
2025-06-20 20:40:00,106039.4,106044.1,106011.3,106033.0,2025-06-20 20:40:59.999000,15.382,,,
2025-06-20 20:41:00,106033.0,106068.4,106031.8,106034.6,2025-06-20 20:41:59.999000,16.654,,,
2025-06-20 20:42:00,106034.6,106087.1,106031.8,106052.9,2025-06-20 20:42:59.999000,3.143,,,
2025-06-20 20:43:00,106059.1,106061.5,106031.7,106031.7,2025-06-20 20:43:59.999000,5.059,,,
2025-06-20 20:44:00,106040.7,106040.7,105961.4,105962.2,2025-06-20 20:44:59.999000,3.816,,,
2025-06-20 20:45:00,105961.7,105961.7,105940.0,105940.1,2025-06-20 20:45:59.999000,4.309,,,
2025-06-20 20:46:00,105940.1,105976.5,105940.1,105976.4,2025-06-20 20:46:59.999000,3.442,,,
2025-06-20 20:47:00,105966.0,105974.6,105965.9,105974.6,2025-06-20 20:47:59.999000,0.527,,,
2025-06-20 20:48:00,105974.6,106000.0,105973.0,105995.4,2025-06-20 20:48:59.999000,1.889,,,
2025-06-20 20:49:00,105995.4,106000.5,105982.4,105994.0,2025-06-20 20:49:59.999000,1.453,,,
2025-06-20 20:50:00,105994.0,106000.0,105993.9,105994.1,2025-06-20 20:50:59.999000,2.357,,,
2025-06-20 20:51:00,105995.7,106023.1,105986.4,106023.1,2025-06-20 20:51:59.999000,7.305,,,
2025-06-20 20:52:00,106026.1,106032.1,105991.8,105991.8,2025-06-20 20:52:59.999000,6.155,,,
2025-06-20 20:53:00,105991.7,105991.7,105960.6,105961.1,2025-06-20 20:53:59.999000,11.67,,,
2025-06-20 20:54:00,105961.1,105965.4,105916.1,105924.7,2025-06-20 20:54:59.999000,32.255,,,
2025-06-20 20:55:00,105924.7,105959.0,105923.7,105957.6,2025-06-20 20:55:59.999000,28.438,,,
2025-06-20 20:56:00,105943.7,105943.8,105916.0,105938.5,2025-06-20 20:56:59.999000,4.674,,,
2025-06-20 20:57:00,105938.5,105952.0,105932.7,105933.7,2025-06-20 20:57:59.999000,7.658,,,
2025-06-20 20:58:00,105936.7,105943.0,105930.5,105940.1,2025-06-20 20:58:59.999000,4.547,,,
2025-06-20 20:59:00,105941.6,105947.0,105931.7,105931.7,2025-06-20 20:59:59.999000,5.107,,,
2025-06-20 21:00:00,105933.9,105994.7,105933.9,105994.7,2025-06-20 21:00:59.999000,5.467,,,
2025-06-20 21:01:00,105994.7,106017.3,105971.3,106014.0,2025-06-20 21:01:59.999000,3.836,,,
2025-06-20 21:02:00,106015.3,106024.9,106007.7,106024.8,2025-06-20 21:02:59.999000,13.306,,,
2025-06-20 21:03:00,106024.8,106034.4,106020.7,106034.4,2025-06-20 21:03:59.999000,8.439,,,
2025-06-20 21:04:00,106034.4,106077.3,106034.4,106077.3,2025-06-20 21:04:59.999000,10.23,,,
2025-06-20 21:05:00,106077.2,106077.2,106067.4,106077.0,2025-06-20 21:05:59.999000,8.606,,,
2025-06-20 21:06:00,106077.2,106081.3,106075.9,106081.3,2025-06-20 21:06:59.999000,5.345,,,
2025-06-20 21:07:00,106080.0,106092.1,106064.7,106069.0,2025-06-20 21:07:59.999000,6.392,,,
2025-06-20 21:08:00,106069.2,106074.5,106069.0,106069.0,2025-06-20 21:08:59.999000,2.313,,,
2025-06-20 21:09:00,106069.1,106079.5,106069.0,106079.5,2025-06-20 21:09:59.999000,5.381,,,
2025-06-20 21:10:00,106079.5,106082.8,106072.5,106072.9,2025-06-20 21:10:59.999000,5.855,,,
2025-06-20 21:11:00,106072.6,106082.8,106072.5,106082.8,2025-06-20 21:11:59.999000,1.979,,,
2025-06-20 21:12:00,106082.8,106082.8,106075.6,106077.8,2025-06-20 21:12:59.999000,4.892,,,
2025-06-20 21:13:00,106077.8,106078.1,106072.5,106072.6,2025-06-20 21:13:59.999000,5.65,,,
2025-06-20 21:14:00,106072.5,106074.0,106034.4,106034.5,2025-06-20 21:14:59.999000,15.692,,,
2025-06-20 21:15:00,106034.7,106048.7,106034.4,106038.3,2025-06-20 21:15:59.999000,7.992,,,
2025-06-20 21:16:00,106034.6,106048.6,106034.4,106042.0,2025-06-20 21:16:59.999000,3.898,,,
2025-06-20 21:17:00,106034.5,106048.6,105950.9,105969.4,2025-06-20 21:17:59.999000,5.684,,,
2025-06-20 21:18:00,105953.9,105989.9,105950.0,105983.0,2025-06-20 21:18:59.999000,3.242,,,
2025-06-20 21:19:00,105995.2,106004.5,105951.3,105955.0,2025-06-20 21:19:59.999000,9.808,,,
2025-06-20 21:20:00,105955.0,105957.6,105953.2,105953.3,2025-06-20 21:20:59.999000,0.591,,,
2025-06-20 21:21:00,105953.4,105980.2,105953.2,105980.2,2025-06-20 21:21:59.999000,3.291,,,
2025-06-20 21:22:00,105980.3,105998.5,105980.3,105998.5,2025-06-20 21:22:59.999000,2.038,,,
2025-06-20 21:23:00,105998.4,105998.5,105977.2,105980.2,2025-06-20 21:23:59.999000,8.157,,,
2025-06-20 21:24:00,105980.2,105982.6,105920.7,105930.1,2025-06-20 21:24:59.999000,4.486,,,
2025-06-20 21:25:00,105930.1,105970.6,105929.8,105964.2,2025-06-20 21:25:59.999000,6.038,,,
2025-06-20 21:26:00,105964.2,105964.2,105942.6,105942.6,2025-06-20 21:26:59.999000,4.384,,,
2025-06-20 21:27:00,105942.6,105952.5,105941.0,105952.5,2025-06-20 21:27:59.999000,7.026,,,
2025-06-20 21:28:00,105952.5,105955.6,105921.6,105921.6,2025-06-20 21:28:59.999000,16.424,,,
2025-06-20 21:01:00,105994.7,106017.3,105971.3,106014.0,2025-06-20 21:01:59.999000,3.836,,,
2025-06-20 21:02:00,106015.3,106024.9,106007.7,106024.8,2025-06-20 21:02:59.999000,13.306,,,
2025-06-20 21:03:00,106024.8,106034.4,106020.7,106034.4,2025-06-20 21:03:59.999000,8.439,,,
2025-06-20 21:04:00,106034.4,106077.3,106034.4,106077.3,2025-06-20 21:04:59.999000,10.23,,,
2025-06-20 21:05:00,106077.2,106077.2,106067.4,106077.0,2025-06-20 21:05:59.999000,8.606,,,
2025-06-20 21:06:00,106077.2,106081.3,106075.9,106081.3,2025-06-20 21:06:59.999000,5.345,,,
2025-06-20 21:07:00,106080.0,106092.1,106064.7,106069.0,2025-06-20 21:07:59.999000,6.392,,,
2025-06-20 21:08:00,106069.2,106074.5,106069.0,106069.0,2025-06-20 21:08:59.999000,2.313,,,
2025-06-20 21:09:00,106069.1,106079.5,106069.0,106079.5,2025-06-20 21:09:59.999000,5.381,,,
2025-06-20 21:10:00,106079.5,106082.8,106072.5,106072.9,2025-06-20 21:10:59.999000,5.855,,,
2025-06-20 21:11:00,106072.6,106082.8,106072.5,106082.8,2025-06-20 21:11:59.999000,1.979,,,
2025-06-20 21:12:00,106082.8,106082.8,106075.6,106077.8,2025-06-20 21:12:59.999000,4.892,,,
2025-06-20 21:13:00,106077.8,106078.1,106072.5,106072.6,2025-06-20 21:13:59.999000,5.65,,,
2025-06-20 21:14:00,106072.5,106074.0,106034.4,106034.5,2025-06-20 21:14:59.999000,15.692,,,
2025-06-20 21:15:00,106034.7,106048.7,106034.4,106038.3,2025-06-20 21:15:59.999000,7.992,,,
2025-06-20 21:16:00,106034.6,106048.6,106034.4,106042.0,2025-06-20 21:16:59.999000,3.898,,,
2025-06-20 21:17:00,106034.5,106048.6,105950.9,105969.4,2025-06-20 21:17:59.999000,5.684,,,
2025-06-20 21:18:00,105953.9,105989.9,105950.0,105983.0,2025-06-20 21:18:59.999000,3.242,,,
2025-06-20 21:19:00,105995.2,106004.5,105951.3,105955.0,2025-06-20 21:19:59.999000,9.808,,,
2025-06-20 21:20:00,105955.0,105957.6,105953.2,105953.3,2025-06-20 21:20:59.999000,0.591,,,
2025-06-20 21:21:00,105953.4,105980.2,105953.2,105980.2,2025-06-20 21:21:59.999000,3.291,,,
2025-06-20 21:22:00,105980.3,105998.5,105980.3,105998.5,2025-06-20 21:22:59.999000,2.038,,,
2025-06-20 21:23:00,105998.4,105998.5,105977.2,105980.2,2025-06-20 21:23:59.999000,8.157,,,
2025-06-20 21:24:00,105980.2,105982.6,105920.7,105930.1,2025-06-20 21:24:59.999000,4.486,,,
2025-06-20 21:25:00,105930.1,105970.6,105929.8,105964.2,2025-06-20 21:25:59.999000,6.038,,,
2025-06-20 21:26:00,105964.2,105964.2,105942.6,105942.6,2025-06-20 21:26:59.999000,4.384,,,
2025-06-20 21:27:00,105942.6,105952.5,105941.0,105952.5,2025-06-20 21:27:59.999000,7.026,,,
2025-06-20 21:28:00,105952.5,105955.6,105921.6,105921.6,2025-06-20 21:28:59.999000,16.424,,,
2025-06-20 21:29:00,105917.0,105976.0,105732.9,105914.8,2025-06-20 21:29:59.999000,80.283,,,
2025-06-20 21:30:00,105914.8,106002.5,105914.8,106002.5,2025-06-20 21:30:59.999000,13.124,,,
2025-06-20 21:31:00,106002.5,106019.6,105982.8,106008.6,2025-06-20 21:31:59.999000,10.619,,,
2025-06-20 21:32:00,106009.6,106050.4,105957.8,105957.8,2025-06-20 21:32:59.999000,17.125,,,
2025-06-20 21:33:00,105957.7,105965.6,105925.4,105925.7,2025-06-20 21:33:59.999000,28.83,,,
2025-06-20 21:34:00,105925.5,105925.7,105860.9,105872.5,2025-06-20 21:34:59.999000,5.483,,,
2025-06-20 21:35:00,105872.5,105888.0,105839.2,105839.2,2025-06-20 21:35:59.999000,13.488,,,
2025-06-20 21:36:00,105842.8,105845.9,105635.0,105764.6,2025-06-20 21:36:59.999000,69.369,,,
2025-06-20 21:37:00,105764.6,105764.6,105564.4,105698.3,2025-06-20 21:37:59.999000,54.256,,,
2025-06-20 21:38:00,105697.6,105698.0,105697.1,105697.3,2025-06-20 21:38:59.999000,6.983,,,
2025-06-20 21:39:00,105697.3,105902.0,105697.1,105901.9,2025-06-20 21:39:59.999000,318.366,,,
2025-06-20 21:40:00,105901.9,105985.0,105898.6,105912.3,2025-06-20 21:40:59.999000,42.564,,,
2025-06-20 21:41:00,105907.0,105912.1,105836.8,105852.2,2025-06-20 21:41:59.999000,13.697,,,
2025-06-20 21:42:00,105852.1,105853.9,105837.1,105838.6,2025-06-20 21:42:59.999000,9.674,,,
2025-06-20 21:43:00,105838.7,105838.8,105814.9,105828.4,2025-06-20 21:43:59.999000,15.438,,,
2025-06-20 21:44:00,105828.4,105910.0,105827.8,105836.4,2025-06-20 21:44:59.999000,30.176,,,
2025-06-20 21:45:00,105837.1,105846.0,105799.0,105799.0,2025-06-20 21:45:59.999000,22.107,,,
2025-06-20 21:46:00,105802.7,105819.9,105750.0,105750.0,2025-06-20 21:46:59.999000,11.969,,,
2025-06-20 21:47:00,105750.1,105755.1,105750.0,105754.6,2025-06-20 21:47:59.999000,14.118,,,
2025-06-20 21:48:00,105754.6,105770.5,105556.7,105556.7,2025-06-20 21:48:59.999000,48.143,,,
2025-06-20 21:49:00,105567.1,105567.2,105489.8,105503.1,2025-06-20 21:49:59.999000,34.919,,,
2025-06-20 21:50:00,105503.1,105530.3,105491.9,105499.9,2025-06-20 21:50:59.999000,12.851,,,
2025-06-20 21:51:00,105500.9,105501.0,105387.7,105401.8,2025-06-20 21:51:59.999000,32.077,,,
2025-06-20 21:52:00,105400.0,105460.6,105398.2,105459.0,2025-06-20 21:52:59.999000,15.154,,,
2025-06-20 21:53:00,105458.1,105467.1,105442.2,105467.1,2025-06-20 21:53:59.999000,17.061,,,
2025-06-20 21:54:00,105467.0,105622.4,105467.0,105577.6,2025-06-20 21:54:59.999000,46.028,,,
2025-06-20 21:55:00,105577.5,105600.1,105566.0,105600.1,2025-06-20 21:55:59.999000,13.581,,,
2025-06-20 21:56:00,105600.1,105650.3,105596.6,105631.9,2025-06-20 21:56:59.999000,11.557,,,
2025-06-20 21:57:00,105631.9,105638.4,105623.6,105638.3,2025-06-20 21:57:59.999000,16.751,,,
2025-06-20 21:58:00,105638.3,105643.7,105578.0,105578.0,2025-06-20 21:58:59.999000,5.469,,,
2025-06-20 21:59:00,105574.7,105603.9,105555.8,105601.2,2025-06-20 21:59:59.999000,7.224,,,
2025-06-20 22:00:00,105598.3,105598.3,105560.2,105578.1,2025-06-20 22:00:59.999000,22.223,,,
