orderId,symbol,side,positionSide,type,status,origQty,executedQty,price,avgPrice,realizedPnl,updateTime,order_date
4588829226,BTCUSDT,SELL,BOTH,LIMIT,FILLED,0.342,0.342,99573.2,99573.2,,1750604581246,2025-06-22
4588843017,BTCUSDT,BUY,BOTH,LIMIT,FILLED,0.341,0.341,99618.9,99618.9,,1750604930715,2025-06-22
4588922953,BTCUSDT,SELL,BOTH,LIMIT,CANCELED,0.341,0.004,99578.8,99578.8,,1750605012567,2025-06-22
4588925375,BTCUSDT,SELL,BOTH,MARKET,FILLED,0.337,0.337,0.0,99574.0,,1750605012650,2025-06-22
4588936814,BTCUSDT,SELL,BOTH,LIMIT,FILLED,0.341,0.341,99405.6,99405.6,,1750605075385,2025-06-22
4589162710,BTCUSDT,BUY,BOTH,LIMIT,CANCELED,0.342,0.0,99315.1,0.0,,1750606332029,2025-06-22
4589164856,BTCUSDT,BUY,BOTH,MARKET,FILLED,0.342,0.342,0.0,99419.4,,1750606332116,2025-06-22
4589173047,BTCUSDT,BUY,BOTH,LIMIT,CANCELED,0.34,0.006,99399.6,99399.6,,1750606392102,2025-06-22
4589195481,BTCUSDT,BUY,BOTH,LIMIT,FILLED,0.34,0.34,99490.8,99490.8,,1750606562817,2025-06-22
4589217082,BTCUSDT,BUY,BOTH,LIMIT,FILLED,0.338,0.338,99500.7,99500.7,,1750606750841,2025-06-22
4590456194,BTCUSDT,SELL,BOTH,LIMIT,CANCELED,0.337,0.039,99414.1,99414.1,,1750616483994,2025-06-23
4590549951,BTCUSDT,SELL,BOTH,LIMIT,CANCELED,0.336,0.329,99367.6,99367.6,,1750617492140,2025-06-23
4590608538,BTCUSDT,SELL,BOTH,LIMIT,FILLED,0.335,0.335,99518.8,99518.8,,1750618156426,2025-06-23
4590675678,BTCUSDT,SELL,BOTH,LIMIT,CANCELED,0.337,0.016,99377.7,99377.7,,1750618871305,2025-06-23
4590676345,BTCUSDT,BUY,BOTH,STOP_MARKET,CANCELED,0.33,0.0,0.0,0.0,,1750618870386,2025-06-23
4590676588,BTCUSDT,SELL,BOTH,MARKET,FILLED,0.321,0.321,0.0,99376.43333,,1750618871525,2025-06-23
4590676630,BTCUSDT,BUY,BOTH,STOP_MARKET,CANCELED,0.342,0.0,0.0,0.0,,1750618876553,2025-06-23
4590676957,BTCUSDT,BUY,BOTH,STOP_MARKET,CANCELED,0.663,0.0,0.0,0.0,,1750618927001,2025-06-23
4590679949,BTCUSDT,SELL,BOTH,LIMIT,FILLED,0.336,0.336,99387.9,99387.9,,1750618922547,2025-06-23
4590684630,BTCUSDT,SELL,BOTH,LIMIT,CANCELED,0.337,0.097,99362.1,99362.1,,1750618992650,2025-06-23
4590722613,BTCUSDT,BUY,BOTH,STOP_MARKET,CANCELED,1.336,0.0,0.0,0.0,,1750619293236,2025-06-23
4590723624,BTCUSDT,BUY,BOTH,LIMIT,CANCELED,0.342,0.002,99184.5,99184.5,,1750619292222,2025-06-23
4590747800,BTCUSDT,BUY,BOTH,LIMIT,FILLED,0.339,0.339,99366.9,99366.9,,1750619472190,2025-06-23
4590748682,BTCUSDT,BUY,BOTH,STOP_MARKET,CANCELED,0.714,0.0,0.0,0.0,,1750619472521,2025-06-23
4590749345,BTCUSDT,BUY,BOTH,STOP_MARKET,CANCELED,0.711,0.0,0.0,0.0,,1750619478682,2025-06-23
4590750076,BTCUSDT,BUY,BOTH,STOP_MARKET,CANCELED,0.655,0.0,0.0,0.0,,1750619525134,2025-06-23
4590754072,BTCUSDT,BUY,BOTH,LIMIT,CANCELED,0.34,0.035,99238.4,99238.4,,1750619532144,2025-06-23
4590772366,BTCUSDT,SELL,BOTH,LIMIT,CANCELED,0.34,0.315,99137.5,99137.5,,1750619712222,2025-06-23
4590773280,BTCUSDT,BUY,BOTH,STOP_MARKET,CANCELED,0.63,0.0,0.0,0.0,,1750619717109,2025-06-23
4590773551,BTCUSDT,SELL,BOTH,MARKET,FILLED,0.025,0.025,0.0,99130.4,,1750619712305,2025-06-23
4590774212,BTCUSDT,BUY,BOTH,STOP_MARKET,CANCELED,0.655,0.0,0.0,0.0,,1750619767447,2025-06-23
4590778308,BTCUSDT,SELL,BOTH,LIMIT,FILLED,0.34,0.34,99120.0,99120.0,,1750619768737,2025-06-23
4590779201,BTCUSDT,BUY,BOTH,STOP_MARKET,CANCELED,0.747,0.0,0.0,0.0,,1750619773630,2025-06-23
4590779993,BTCUSDT,BUY,BOTH,STOP_MARKET,CANCELED,0.995,0.0,0.0,0.0,,1750619828203,2025-06-23
4590783713,BTCUSDT,BUY,BOTH,LIMIT,FILLED,0.34,0.34,99125.6,99125.6,,1750619829565,2025-06-23
4590784676,BTCUSDT,BUY,BOTH,STOP_MARKET,CANCELED,0.96,0.0,0.0,0.0,,1750619834379,2025-06-23
4590785023,BTCUSDT,BUY,BOTH,STOP_MARKET,CANCELED,0.655,0.0,0.0,0.0,,1750619884719,2025-06-23
4590789808,BTCUSDT,SELL,BOTH,LIMIT,CANCELED,0.341,0.208,99082.9,99082.9,,1750619892037,2025-06-23
4590790538,BTCUSDT,BUY,BOTH,STOP_MARKET,CANCELED,0.861,0.0,0.0,0.0,,1750619890907,2025-06-23
4590790932,BTCUSDT,SELL,BOTH,MARKET,FILLED,0.133,0.133,0.0,99078.20451,,1750619892117,2025-06-23
4590790962,BTCUSDT,BUY,BOTH,STOP_MARKET,CANCELED,0.863,0.0,0.0,0.0,,1750619897241,2025-06-23
4590791493,BTCUSDT,BUY,BOTH,STOP_MARKET,CANCELED,0.996,0.0,0.0,0.0,,1750619947665,2025-06-23
4590795946,BTCUSDT,SELL,BOTH,LIMIT,FILLED,0.339,0.339,99131.4,99131.4,,1750619945785,2025-06-23
4590796883,BTCUSDT,BUY,BOTH,STOP_MARKET,CANCELED,1.335,0.0,0.0,0.0,,1750620536846,2025-06-23
4590801814,BTCUSDT,SELL,BOTH,LIMIT,FILLED,0.338,0.338,99158.3,99158.3,,1750620006397,2025-06-23
4590850961,BTCUSDT,BUY,BOTH,STOP_MARKET,CANCELED,1.673,0.0,0.0,0.0,,1750620547068,2025-06-23
4590851043,BTCUSDT,BUY,BOTH,LIMIT,CANCELED,0.343,0.129,99048.7,99048.7,,1750620550562,2025-06-23
4590852615,BTCUSDT,BUY,BOTH,STOP_MARKET,CANCELED,1.669,0.0,0.0,0.0,,1750620553414,2025-06-23
4590852800,BTCUSDT,BUY,BOTH,MARKET,FILLED,0.214,0.214,0.0,99049.70748,,1750620550655,2025-06-23
4590853376,BTCUSDT,BUY,BOTH,STOP_MARKET,CANCELED,1.33,0.0,0.0,0.0,,1750620603880,2025-06-23
4590856575,BTCUSDT,BUY,BOTH,LIMIT,CANCELED,0.343,0.024,99045.0,99045.0,,1750620610416,2025-06-23
4590857590,BTCUSDT,BUY,BOTH,STOP_MARKET,CANCELED,1.308,0.0,0.0,0.0,,1750620610066,2025-06-23
4590858974,BTCUSDT,BUY,BOTH,MARKET,FILLED,0.319,0.319,0.0,99045.6,,1750620610495,2025-06-23
4590859224,BTCUSDT,BUY,BOTH,STOP_MARKET,CANCELED,1.306,0.0,0.0,0.0,,1750620616249,2025-06-23
4590860235,BTCUSDT,BUY,BOTH,STOP_MARKET,CANCELED,0.987,0.0,0.0,0.0,,1750620727013,2025-06-23
4590869039,BTCUSDT,BUY,BOTH,LIMIT,CANCELED,0.339,0.108,99177.6,99177.6,,1750620730265,2025-06-23
4590985176,BTCUSDT,SELL,BOTH,LIMIT,FILLED,0.344,0.344,98886.0,98886.0,,1750621801826,2025-06-23
4591076853,BTCUSDT,BUY,BOTH,LIMIT,CANCELED,0.347,0.104,98791.9,98791.9,,1750622590236,2025-06-23
4591078064,BTCUSDT,BUY,BOTH,STOP_MARKET,CANCELED,0.888,0.0,0.0,0.0,,1750622592084,2025-06-23
4591078379,BTCUSDT,BUY,BOTH,MARKET,FILLED,0.243,0.243,0.0,98814.5,,1750622590316,2025-06-23
4591079086,BTCUSDT,BUY,BOTH,STOP_MARKET,CANCELED,0.645,0.0,0.0,0.0,,1750622702909,2025-06-23
4591090518,BTCUSDT,SELL,BOTH,LIMIT,CANCELED,0.347,0.003,98755.9,98755.9,,1750622710250,2025-06-23
4591091509,BTCUSDT,BUY,BOTH,STOP_MARKET,CANCELED,0.648,0.0,0.0,0.0,,1750622713072,2025-06-23
4591091946,BTCUSDT,SELL,BOTH,MARKET,FILLED,0.344,0.344,0.0,98753.90058,,1750622710340,2025-06-23
4591092991,BTCUSDT,BUY,BOTH,STOP_MARKET,CANCELED,0.992,0.0,0.0,0.0,,1750622763511,2025-06-23
4591098484,BTCUSDT,SELL,BOTH,LIMIT,CANCELED,0.345,0.043,98758.6,98758.6,,1750622770252,2025-06-23
4591099577,BTCUSDT,BUY,BOTH,STOP_MARKET,CANCELED,1.02,0.0,0.0,0.0,,1750622769732,2025-06-23
4591099929,BTCUSDT,SELL,BOTH,MARKET,FILLED,0.302,0.302,0.0,98752.32517,,1750622770337,2025-06-23
4591100009,BTCUSDT,BUY,BOTH,STOP_MARKET,CANCELED,1.035,0.0,0.0,0.0,,1750622775982,2025-06-23
4591100797,BTCUSDT,BUY,BOTH,STOP_MARKET,CANCELED,1.337,0.0,0.0,0.0,,1750622830373,2025-06-23
4591105391,BTCUSDT,SELL,BOTH,LIMIT,FILLED,0.345,0.345,98783.4,98783.4,,1750622830245,2025-06-23
4591181323,BTCUSDT,SELL,BOTH,LIMIT,CANCELED,0.361,0.006,98397.0,98397.0,,1750623250240,2025-06-23
4591182953,BTCUSDT,BUY,BOTH,STOP_MARKET,CANCELED,1.689,0.0,0.0,0.0,,1750623249942,2025-06-23
4591184311,BTCUSDT,SELL,BOTH,MARKET,FILLED,0.355,0.355,0.0,98389.84141,,1750623250461,2025-06-23
4591185000,BTCUSDT,BUY,BOTH,STOP_MARKET,CANCELED,1.693,0.0,0.0,0.0,,1750623256136,2025-06-23
4591186394,BTCUSDT,BUY,BOTH,STOP_MARKET,CANCELED,2.048,0.0,0.0,0.0,,1750623310590,2025-06-23
4591194661,BTCUSDT,SELL,BOTH,LIMIT,FILLED,0.361,0.361,98415.5,98415.5,,1750623309427,2025-06-23
4591223065,BTCUSDT,SELL,BOTH,LIMIT,CANCELED,0.358,0.0,98503.0,0.0,,1750623430399,2025-06-23
4591226299,BTCUSDT,SELL,BOTH,MARKET,FILLED,0.358,0.358,0.0,98473.00168,,1750623430480,2025-06-23
4591227223,BTCUSDT,BUY,BOTH,STOP_MARKET,CANCELED,2.767,0.0,0.0,0.0,,1750623484438,2025-06-23
4591236620,BTCUSDT,SELL,BOTH,LIMIT,FILLED,0.366,0.366,98384.1,98384.1,,1750623608740,2025-06-23
4591355521,BTCUSDT,BUY,BOTH,LIMIT,FILLED,0.354,0.354,98491.5,98491.5,,1750624084143,2025-06-23
4591373429,BTCUSDT,BUY,BOTH,LIMIT,FILLED,0.356,0.356,98490.9,98490.9,,1750624201948,2025-06-23
4591418486,BTCUSDT,BUY,BOTH,STOP_MARKET,CANCELED,2.423,0.0,0.0,0.0,,1750624501673,2025-06-23
4591425096,BTCUSDT,SELL,BOTH,LIMIT,FILLED,0.35,0.35,98523.5,98523.5,,1750624504018,2025-06-23
4591426364,BTCUSDT,BUY,BOTH,STOP_MARKET,CANCELED,2.425,0.0,0.0,0.0,,1750624507977,2025-06-23
4591427221,BTCUSDT,BUY,BOTH,STOP_MARKET,CANCELED,2.773,0.0,0.0,0.0,,1750624566457,2025-06-23
4591433982,BTCUSDT,SELL,BOTH,LIMIT,FILLED,0.342,0.342,98662.9,98662.9,,1750624566128,2025-06-23
4591523887,BTCUSDT,BUY,BOTH,LIMIT,CANCELED,0.304,0.097,99203.1,99203.1,,1750625110277,2025-06-23
4591524936,BTCUSDT,SELL,BOTH,STOP_MARKET,CANCELED,0.008,0.0,0.0,0.0,,1750625109421,2025-06-23
4591525328,BTCUSDT,BUY,BOTH,MARKET,FILLED,0.207,0.207,0.0,99204.80338,,1750625110501,2025-06-23
4591525400,BTCUSDT,SELL,BOTH,STOP_MARKET,CANCELED,0.097,0.0,0.0,0.0,,1750625115881,2025-06-23
4591526442,BTCUSDT,SELL,BOTH,STOP_MARKET,CANCELED,0.304,0.0,0.0,0.0,,1750625162456,2025-06-23
4591533212,BTCUSDT,BUY,BOTH,LIMIT,FILLED,0.303,0.303,99005.0,99005.0,,1750625164450,2025-06-23
4591533941,BTCUSDT,SELL,BOTH,STOP_MARKET,CANCELED,0.442,0.0,0.0,0.0,,1750625168697,2025-06-23
4591534892,BTCUSDT,SELL,BOTH,STOP_MARKET,CANCELED,0.607,0.0,0.0,0.0,,1750625223394,2025-06-23
4591542493,BTCUSDT,SELL,BOTH,LIMIT,FILLED,0.305,0.305,98978.7,98978.7,,1750625223713,2025-06-23
4591544026,BTCUSDT,SELL,BOTH,STOP_MARKET,CANCELED,0.464,0.0,0.0,0.0,,1750625229598,2025-06-23
4591545187,BTCUSDT,SELL,BOTH,STOP_MARKET,CANCELED,0.302,0.0,0.0,0.0,,1750625284004,2025-06-23
4591551432,BTCUSDT,SELL,BOTH,LIMIT,FILLED,0.303,0.303,99120.2,99120.2,,1750625280055,2025-06-23
4591579604,BTCUSDT,BUY,BOTH,LIMIT,CANCELED,0.302,0.116,99296.8,99296.8,,1750625470402,2025-06-23
4591580889,BTCUSDT,SELL,BOTH,STOP_MARKET,CANCELED,0.115,0.0,0.0,0.0,,1750625473789,2025-06-23
4591581951,BTCUSDT,BUY,BOTH,MARKET,FILLED,0.186,0.186,0.0,99358.69677,,1750625470489,2025-06-23
4591583059,BTCUSDT,SELL,BOTH,STOP_MARKET,CANCELED,0.301,0.0,0.0,0.0,,1750625524234,2025-06-23
4591589856,BTCUSDT,BUY,BOTH,LIMIT,CANCELED,0.302,0.249,99410.1,99410.1,,1750625530227,2025-06-23
4591590975,BTCUSDT,SELL,BOTH,STOP_MARKET,CANCELED,0.401,0.0,0.0,0.0,,1750625530469,2025-06-23
4591591429,BTCUSDT,BUY,BOTH,MARKET,FILLED,0.053,0.053,0.0,99429.9,,1750625530307,2025-06-23
4591591895,BTCUSDT,SELL,BOTH,STOP_MARKET,CANCELED,0.55,0.0,0.0,0.0,,1750625536682,2025-06-23
4591593012,BTCUSDT,SELL,BOTH,STOP_MARKET,CANCELED,0.603,0.0,0.0,0.0,,1750625591284,2025-06-23
4591597361,BTCUSDT,SELL,BOTH,LIMIT,CANCELED,0.302,0.052,99408.7,99408.7,,1750625590238,2025-06-23
4591663489,BTCUSDT,SELL,BOTH,LIMIT,FILLED,0.302,0.302,99478.1,99478.1,,1750626000029,2025-06-23
4591749587,BTCUSDT,BUY,BOTH,LIMIT,FILLED,0.302,0.302,99430.3,99430.3,,1750626546631,2025-06-23
4591758529,BTCUSDT,SELL,BOTH,LIMIT,CANCELED,0.301,0.0,99334.9,0.0,,1750626610648,2025-06-23
4591759913,BTCUSDT,SELL,BOTH,MARKET,FILLED,0.301,0.301,0.0,99300.0,,1750626610728,2025-06-23
4591760411,BTCUSDT,BUY,BOTH,STOP_MARKET,CANCELED,0.004,0.0,0.0,0.0,,1750626664417,2025-06-23
4591764007,BTCUSDT,SELL,BOTH,LIMIT,CANCELED,0.301,0.118,99274.6,99274.6,,1750626670163,2025-06-23
4591764680,BTCUSDT,BUY,BOTH,STOP_MARKET,CANCELED,0.022,0.0,0.0,0.0,,1750626670625,2025-06-23
4591765019,BTCUSDT,SELL,BOTH,MARKET,FILLED,0.183,0.183,0.0,99274.1,,1750626670313,2025-06-23
4591765273,BTCUSDT,BUY,BOTH,STOP_MARKET,CANCELED,0.122,0.0,0.0,0.0,,1750626676912,2025-06-23
4591765797,BTCUSDT,BUY,BOTH,STOP_MARKET,CANCELED,0.305,0.0,0.0,0.0,,1750626723348,2025-06-23
4591771845,BTCUSDT,SELL,BOTH,LIMIT,FILLED,0.301,0.301,99208.4,99208.4,,1750626726030,2025-06-23
4591772903,BTCUSDT,BUY,BOTH,STOP_MARKET,CANCELED,0.523,0.0,0.0,0.0,,1750626729556,2025-06-23
4591773817,BTCUSDT,BUY,BOTH,STOP_MARKET,CANCELED,0.606,0.0,0.0,0.0,,1750626784038,2025-06-23
4591779673,BTCUSDT,SELL,BOTH,LIMIT,FILLED,0.298,0.298,99324.4,99324.4,,1750626782205,2025-06-23
4591780495,BTCUSDT,BUY,BOTH,STOP_MARKET,CANCELED,0.904,0.0,0.0,0.0,,1750626854837,2025-06-23
4591785310,BTCUSDT,SELL,BOTH,LIMIT,CANCELED,0.298,0.0,99359.6,0.0,,1750626850287,2025-06-23
4591799385,BTCUSDT,BUY,BOTH,LIMIT,FILLED,0.294,0.294,99449.9,99449.9,,1750626960020,2025-06-23
4591800253,BTCUSDT,BUY,BOTH,STOP_MARKET,CANCELED,0.908,0.0,0.0,0.0,,1750627026423,2025-06-23
4591805697,BTCUSDT,BUY,BOTH,LIMIT,CANCELED,0.296,0.12,99428.4,99428.4,,1750627030163,2025-06-23
4591806936,BTCUSDT,BUY,BOTH,STOP_MARKET,CANCELED,0.804,0.0,0.0,0.0,,1750627032657,2025-06-23
4591807160,BTCUSDT,BUY,BOTH,MARKET,FILLED,0.176,0.176,0.0,99430.28693,,1750627030243,2025-06-23
4591807865,BTCUSDT,BUY,BOTH,STOP_MARKET,CANCELED,0.612,0.0,0.0,0.0,,1750627553289,2025-06-23
4591812149,BTCUSDT,SELL,BOTH,LIMIT,FILLED,0.295,0.295,99403.8,99403.8,,1750627170714,2025-06-23
4591851508,BTCUSDT,BUY,BOTH,STOP_MARKET,CANCELED,0.907,0.0,0.0,0.0,,1750627567530,2025-06-23
4591851705,BTCUSDT,SELL,BOTH,LIMIT,FILLED,0.299,0.299,99251.4,99251.4,,1750627566877,2025-06-23
4591852820,BTCUSDT,BUY,BOTH,STOP_MARKET,CANCELED,1.206,0.0,0.0,0.0,,1750627625890,2025-06-23
4591858369,BTCUSDT,SELL,BOTH,LIMIT,CANCELED,0.301,0.02,99185.0,99185.0,,1750627630382,2025-06-23
4591872846,BTCUSDT,SELL,BOTH,LIMIT,CANCELED,0.304,0.07,99174.9,99174.9,,1750627750263,2025-06-23
4591874385,BTCUSDT,BUY,BOTH,STOP_MARKET,CANCELED,1.532,0.0,0.0,0.0,,1750627751693,2025-06-23
4591874494,BTCUSDT,SELL,BOTH,MARKET,FILLED,0.234,0.234,0.0,99171.16795,,1750627750342,2025-06-23
4591874609,BTCUSDT,BUY,BOTH,STOP_MARKET,CANCELED,1.577,0.0,0.0,0.0,,1750627757887,2025-06-23
4591874893,BTCUSDT,BUY,BOTH,STOP_MARKET,CANCELED,1.811,0.0,0.0,0.0,,1750627812647,2025-06-23
4591878751,BTCUSDT,SELL,BOTH,LIMIT,CANCELED,0.305,0.0,99137.2,0.0,,1750627810299,2025-06-23
4591884820,BTCUSDT,SELL,BOTH,LIMIT,FILLED,0.301,0.301,99137.8,99137.8,,1750627884277,2025-06-23
4591906716,BTCUSDT,BUY,BOTH,LIMIT,FILLED,0.301,0.301,99157.0,99157.0,,1750628107474,2025-06-23
4595531317,BTCUSDT,SELL,BOTH,LIMIT,CANCELED,0.211,0.0,100646.2,0.0,,1750640950039,2025-06-23
4595533203,BTCUSDT,SELL,BOTH,MARKET,FILLED,0.211,0.211,0.0,100633.43886,,1750640950121,2025-06-23
4595533544,BTCUSDT,BUY,BOTH,STOP_MARKET,CANCELED,0.838,0.0,0.0,0.0,,1750641001922,2025-06-23
4595567709,BTCUSDT,SELL,BOTH,LIMIT,CANCELED,0.21,0.034,100638.2,100638.2,,1750641010359,2025-06-23
4595568758,BTCUSDT,BUY,BOTH,STOP_MARKET,CANCELED,0.845,0.0,0.0,0.0,,1750641008123,2025-06-23
4595569220,BTCUSDT,BUY,BOTH,STOP_MARKET,CANCELED,0.864,0.0,0.0,0.0,,1750641014330,2025-06-23
4595569237,BTCUSDT,SELL,BOTH,MARKET,FILLED,0.176,0.176,0.0,100636.34773,,1750641010453,2025-06-23
4595571973,BTCUSDT,BUY,BOTH,STOP_MARKET,CANCELED,1.048,0.0,0.0,0.0,,1750641065037,2025-06-23
4595606176,BTCUSDT,SELL,BOTH,LIMIT,FILLED,0.207,0.207,100750.7,100750.7,,1750641066780,2025-06-23
4595607835,BTCUSDT,BUY,BOTH,STOP_MARKET,CANCELED,1.112,0.0,0.0,0.0,,1750641071682,2025-06-23
4595608816,BTCUSDT,BUY,BOTH,STOP_MARKET,CANCELED,1.255,0.0,0.0,0.0,,1750641126097,2025-06-23
4595645516,BTCUSDT,SELL,BOTH,LIMIT,FILLED,0.206,0.206,100756.1,100756.1,,1750641123382,2025-06-23
4595647405,BTCUSDT,BUY,BOTH,STOP_MARKET,CANCELED,1.461,0.0,0.0,0.0,,1750641184693,2025-06-23
4595686238,BTCUSDT,BUY,BOTH,LIMIT,CANCELED,0.206,0.073,100754.1,100754.1,,1750641190395,2025-06-23
4595687937,BTCUSDT,BUY,BOTH,STOP_MARKET,CANCELED,1.44,0.0,0.0,0.0,,1750641190916,2025-06-23
4595688138,BTCUSDT,BUY,BOTH,MARKET,FILLED,0.133,0.133,0.0,100754.4,,1750641190485,2025-06-23
4595688367,BTCUSDT,BUY,BOTH,STOP_MARKET,CANCELED,1.39,0.0,0.0,0.0,,1750641197087,2025-06-23
4595693662,BTCUSDT,BUY,BOTH,STOP_MARKET,CANCELED,1.255,0.0,0.0,0.0,,1750641243569,2025-06-23
4595724739,BTCUSDT,BUY,BOTH,LIMIT,CANCELED,0.208,0.051,100735.5,100735.5,,1750641250025,2025-06-23
4595726466,BTCUSDT,BUY,BOTH,STOP_MARKET,CANCELED,1.204,0.0,0.0,0.0,,1750641253742,2025-06-23
4595727040,BTCUSDT,BUY,BOTH,MARKET,FILLED,0.157,0.157,0.0,100736.36497,,1750641250105,2025-06-23
4595728154,BTCUSDT,BUY,BOTH,STOP_MARKET,CANCELED,1.047,0.0,0.0,0.0,,1750641304217,2025-06-23
4595765835,BTCUSDT,SELL,BOTH,LIMIT,FILLED,0.205,0.205,100775.3,100775.3,,1750641300056,2025-06-23
4595768482,BTCUSDT,BUY,BOTH,STOP_MARKET,CANCELED,1.252,0.0,0.0,0.0,,1750641362728,2025-06-23
4595807572,BTCUSDT,SELL,BOTH,LIMIT,CANCELED,0.205,0.047,100805.9,100805.9,,1750641370099,2025-06-23
4595809059,BTCUSDT,BUY,BOTH,STOP_MARKET,CANCELED,1.257,0.0,0.0,0.0,,1750641369033,2025-06-23
4595809658,BTCUSDT,SELL,BOTH,MARKET,FILLED,0.158,0.158,0.0,100804.08481,,1750641370183,2025-06-23
4595809822,BTCUSDT,BUY,BOTH,STOP_MARKET,CANCELED,1.298,0.0,0.0,0.0,,1750641375295,2025-06-23
4595811984,BTCUSDT,BUY,BOTH,STOP_MARKET,CANCELED,1.457,0.0,0.0,0.0,,1750641421653,2025-06-23
4595847506,BTCUSDT,BUY,BOTH,LIMIT,FILLED,0.207,0.207,100755.8,100755.8,,1750641421182,2025-06-23
4595849404,BTCUSDT,BUY,BOTH,STOP_MARKET,CANCELED,1.25,0.0,0.0,0.0,,1750641484252,2025-06-23
4595885096,BTCUSDT,SELL,BOTH,LIMIT,CANCELED,0.207,0.006,100738.2,100738.2,,1750641490313,2025-06-23
4595886819,BTCUSDT,BUY,BOTH,STOP_MARKET,CANCELED,1.253,0.0,0.0,0.0,,1750641490602,2025-06-23
4595887247,BTCUSDT,SELL,BOTH,MARKET,FILLED,0.201,0.201,0.0,100738.0005,,1750641490399,2025-06-23
4595887704,BTCUSDT,BUY,BOTH,STOP_MARKET,CANCELED,1.256,0.0,0.0,0.0,,1750641496796,2025-06-23
4595891665,BTCUSDT,BUY,BOTH,STOP_MARKET,CANCELED,1.457,0.0,0.0,0.0,,1750641547177,2025-06-23
4595922564,BTCUSDT,BUY,BOTH,LIMIT,FILLED,0.207,0.207,100721.8,100721.8,,1750641546519,2025-06-23
4595924959,BTCUSDT,BUY,BOTH,STOP_MARKET,CANCELED,1.452,0.0,0.0,0.0,,1750641553423,2025-06-23
4595925961,BTCUSDT,BUY,BOTH,STOP_MARKET,CANCELED,1.25,0.0,0.0,0.0,,1750641672475,2025-06-23
4595994009,BTCUSDT,SELL,BOTH,LIMIT,CANCELED,0.21,0.0,100645.4,0.0,,1750641670128,2025-06-23
4627161481,BTCUSDT,BUY,BOTH,MARKET,FILLED,1.46,1.46,0.0,101620.71322,,1750683563393,2025-06-23
4627193707,BTCUSDT,SELL,BOTH,LIMIT,CANCELED,0.171,0.047,101641.1,101641.1,,1750683609924,2025-06-23
4627203069,BTCUSDT,BUY,BOTH,STOP_MARKET,CANCELED,0.044,0.0,0.0,0.0,,1750683607716,2025-06-23
4627210617,BTCUSDT,BUY,BOTH,STOP_MARKET,CANCELED,0.047,0.0,0.0,0.0,,1750683614249,2025-06-23
4627210732,BTCUSDT,SELL,BOTH,MARKET,FILLED,0.124,0.124,0.0,101638.7,,1750683610041,2025-06-23
4627213709,BTCUSDT,BUY,BOTH,STOP_MARKET,CANCELED,0.171,0.0,0.0,0.0,,1750683664687,2025-06-23
4627248430,BTCUSDT,SELL,BOTH,LIMIT,CANCELED,0.171,0.083,101602.1,101602.1,,1750683669662,2025-06-23
4627260723,BTCUSDT,BUY,BOTH,STOP_MARKET,CANCELED,0.188,0.0,0.0,0.0,,1750683670880,2025-06-23
4627262966,BTCUSDT,SELL,BOTH,MARKET,FILLED,0.092,0.092,0.0,101586.81957,,1750683669745,2025-06-23
4627264067,BTCUSDT,BUY,BOTH,STOP_MARKET,CANCELED,0.346,0.0,0.0,0.0,,1750683725256,2025-06-23
4627300014,BTCUSDT,SELL,BOTH,LIMIT,FILLED,0.171,0.171,101583.0,101583.0,,1750683727375,2025-06-23
4627312646,BTCUSDT,BUY,BOTH,STOP_MARKET,CANCELED,0.397,0.0,0.0,0.0,,1750683731674,2025-06-23
4627315247,BTCUSDT,BUY,BOTH,STOP_MARKET,CANCELED,0.517,0.0,0.0,0.0,,1750683781987,2025-06-23
4627351890,BTCUSDT,SELL,BOTH,LIMIT,FILLED,0.172,0.172,101571.6,101571.6,,1750683780159,2025-06-23
4627361339,BTCUSDT,BUY,BOTH,STOP_MARKET,CANCELED,0.689,0.0,0.0,0.0,,1750683844461,2025-06-23
4627401874,BTCUSDT,SELL,BOTH,LIMIT,CANCELED,0.171,0.011,101572.3,101572.3,,1750683849761,2025-06-23
4627416663,BTCUSDT,BUY,BOTH,STOP_MARKET,CANCELED,0.698,0.0,0.0,0.0,,1750683850677,2025-06-23
4627420224,BTCUSDT,SELL,BOTH,MARKET,FILLED,0.16,0.16,0.0,101560.0,,1750683849843,2025-06-23
4627421778,BTCUSDT,BUY,BOTH,STOP_MARKET,CANCELED,0.7,0.0,0.0,0.0,,1750683857190,2025-06-23
4627424256,BTCUSDT,BUY,BOTH,STOP_MARKET,CANCELED,0.86,0.0,0.0,0.0,,1750683907639,2025-06-23
4627454726,BTCUSDT,SELL,BOTH,LIMIT,CANCELED,0.172,0.003,101560.9,101560.9,,1750683909815,2025-06-23
4627470515,BTCUSDT,BUY,BOTH,STOP_MARKET,CANCELED,0.861,0.0,0.0,0.0,,1750683914111,2025-06-23
4627470520,BTCUSDT,SELL,BOTH,MARKET,FILLED,0.171,0.171,0.0,101560.0,,1750683909953,2025-06-23
4627472855,BTCUSDT,BUY,BOTH,STOP_MARKET,CANCELED,1.034,0.0,0.0,0.0,,1750683964633,2025-06-23
4627505415,BTCUSDT,SELL,BOTH,LIMIT,CANCELED,0.173,0.106,101563.8,101563.8,,1750683969781,2025-06-23
4627518123,BTCUSDT,BUY,BOTH,STOP_MARKET,CANCELED,1.036,0.0,0.0,0.0,,1750683970909,2025-06-23
4627521290,BTCUSDT,SELL,BOTH,MARKET,FILLED,0.067,0.067,0.0,101560.00149,,1750683969867,2025-06-23
4627522534,BTCUSDT,BUY,BOTH,STOP_MARKET,CANCELED,1.139,0.0,0.0,0.0,,1750683977453,2025-06-23
4627525133,BTCUSDT,BUY,BOTH,STOP_MARKET,CANCELED,1.207,0.0,0.0,0.0,,1750684027793,2025-06-23
4627557686,BTCUSDT,SELL,BOTH,LIMIT,FILLED,0.172,0.172,101560.8,101560.8,,1750684027738,2025-06-23
4627573445,BTCUSDT,BUY,BOTH,STOP_MARKET,CANCELED,1.324,0.0,0.0,0.0,,1750684034025,2025-06-23
4627575449,BTCUSDT,BUY,BOTH,STOP_MARKET,CANCELED,1.379,0.0,0.0,0.0,,1750684084344,2025-06-23
4627606711,BTCUSDT,SELL,BOTH,LIMIT,FILLED,0.171,0.171,101560.1,101560.1,,1750684079470,2025-06-23
4627621613,BTCUSDT,BUY,BOTH,STOP_MARKET,CANCELED,1.55,0.0,0.0,0.0,,1750684202939,2025-06-23
4627711330,BTCUSDT,BUY,BOTH,LIMIT,FILLED,0.177,0.177,101425.1,101425.1,,1750684200373,2025-06-23
4627723889,BTCUSDT,BUY,BOTH,STOP_MARKET,CANCELED,1.373,0.0,0.0,0.0,,1750684269597,2025-06-23
4627763181,BTCUSDT,SELL,BOTH,LIMIT,CANCELED,0.179,0.1,101363.8,101363.8,,1750684269616,2025-06-23
4627782830,BTCUSDT,SELL,BOTH,MARKET,FILLED,0.079,0.079,0.0,101360.00127,,1750684269716,2025-06-23
4627785079,BTCUSDT,BUY,BOTH,STOP_MARKET,CANCELED,1.473,0.0,0.0,0.0,,1750684275798,2025-06-23
4627787745,BTCUSDT,BUY,BOTH,STOP_MARKET,CANCELED,1.552,0.0,0.0,0.0,,1750684326432,2025-06-23
4627818094,BTCUSDT,SELL,BOTH,LIMIT,FILLED,0.182,0.182,101300.2,101300.2,,1750684323742,2025-06-23
4627835274,BTCUSDT,BUY,BOTH,STOP_MARKET,CANCELED,1.734,0.0,0.0,0.0,,1750684389139,2025-06-23
4627869549,BTCUSDT,SELL,BOTH,LIMIT,CANCELED,0.183,0.015,101301.0,101301.0,,1750684389666,2025-06-23
4627887540,BTCUSDT,SELL,BOTH,MARKET,FILLED,0.168,0.168,0.0,101300.0119,,1750684389752,2025-06-23
4627888522,BTCUSDT,BUY,BOTH,STOP_MARKET,CANCELED,1.735,0.0,0.0,0.0,,1750684395346,2025-06-23
4627889505,BTCUSDT,BUY,BOTH,STOP_MARKET,CANCELED,1.917,0.0,0.0,0.0,,1750684441668,2025-06-23
4627921567,BTCUSDT,SELL,BOTH,LIMIT,FILLED,0.183,0.183,101301.5,101301.5,,1750684445018,2025-06-23
4627930320,BTCUSDT,BUY,BOTH,STOP_MARKET,CANCELED,2.028,0.0,0.0,0.0,,1750684447901,2025-06-23
4627939485,BTCUSDT,BUY,BOTH,STOP_MARKET,CANCELED,2.1,0.0,0.0,0.0,,1750684502471,2025-06-23
4627970830,BTCUSDT,SELL,BOTH,LIMIT,FILLED,0.183,0.183,101301.6,101301.6,,1750684501785,2025-06-23
4627981463,BTCUSDT,BUY,BOTH,STOP_MARKET,CANCELED,2.283,0.0,0.0,0.0,,1750684564949,2025-06-23
4628023188,BTCUSDT,BUY,BOTH,LIMIT,FILLED,0.182,0.182,101300.4,101300.4,,1750684561226,2025-06-23
4628037665,BTCUSDT,BUY,BOTH,STOP_MARKET,CANCELED,2.101,0.0,0.0,0.0,,1750684627439,2025-06-23
4628071929,BTCUSDT,SELL,BOTH,LIMIT,FILLED,0.181,0.181,101301.2,101301.2,,1750684628292,2025-06-23
4628089758,BTCUSDT,BUY,BOTH,STOP_MARKET,CANCELED,2.281,0.0,0.0,0.0,,1750684633709,2025-06-23
4628092016,BTCUSDT,BUY,BOTH,STOP_MARKET,CANCELED,2.282,0.0,0.0,0.0,,1750684684255,2025-06-23
4628120784,BTCUSDT,SELL,BOTH,LIMIT,CANCELED,0.181,0.006,101300.2,101300.2,,1750684689730,2025-06-23
4628133865,BTCUSDT,BUY,BOTH,STOP_MARKET,CANCELED,2.284,0.0,0.0,0.0,,1750684690748,2025-06-23
4628139568,BTCUSDT,SELL,BOTH,MARKET,FILLED,0.175,0.175,0.0,101300.0,,1750684689819,2025-06-23
4628141700,BTCUSDT,BUY,BOTH,STOP_MARKET,CANCELED,2.463,0.0,0.0,0.0,,1750684741128,2025-06-23
4628170197,BTCUSDT,BUY,BOTH,LIMIT,FILLED,0.182,0.182,101308.8,101308.8,,1750684743071,2025-06-23
4628177096,BTCUSDT,BUY,BOTH,STOP_MARKET,CANCELED,2.431,0.0,0.0,0.0,,1750684747470,2025-06-23
4628188178,BTCUSDT,BUY,BOTH,STOP_MARKET,CANCELED,2.281,0.0,0.0,0.0,,1750684802014,2025-06-23
4628221019,BTCUSDT,BUY,BOTH,LIMIT,CANCELED,0.184,0.151,101331.1,101331.1,,1750684809636,2025-06-23
4628229500,BTCUSDT,BUY,BOTH,STOP_MARKET,CANCELED,2.275,0.0,0.0,0.0,,1750684808306,2025-06-23
4628238586,BTCUSDT,BUY,BOTH,MARKET,FILLED,0.033,0.033,0.0,101355.77273,,1750684809855,2025-06-23
4628239178,BTCUSDT,BUY,BOTH,STOP_MARKET,CANCELED,2.138,0.0,0.0,0.0,,1750684814633,2025-06-23
4628241294,BTCUSDT,BUY,BOTH,STOP_MARKET,CANCELED,2.097,0.0,0.0,0.0,,1750684872999,2025-06-23
4628272133,BTCUSDT,SELL,BOTH,LIMIT,CANCELED,0.182,0.0,101306.9,0.0,,1750684869685,2025-06-23
4628290052,BTCUSDT,SELL,BOTH,MARKET,FILLED,0.182,0.182,0.0,101305.04396,,1750684869792,2025-06-23
4628292976,BTCUSDT,BUY,BOTH,STOP_MARKET,CANCELED,2.279,0.0,0.0,0.0,,1750684923502,2025-06-23
4628322314,BTCUSDT,SELL,BOTH,LIMIT,CANCELED,0.185,0.091,101303.2,101303.2,,1750684929589,2025-06-23
4628333931,BTCUSDT,BUY,BOTH,STOP_MARKET,CANCELED,2.368,0.0,0.0,0.0,,1750684929839,2025-06-23
4628341446,BTCUSDT,SELL,BOTH,MARKET,FILLED,0.094,0.094,0.0,101300.02128,,1750684929675,2025-06-23
4628344351,BTCUSDT,BUY,BOTH,STOP_MARKET,CANCELED,2.37,0.0,0.0,0.0,,1750684936171,2025-06-23
4628345841,BTCUSDT,BUY,BOTH,STOP_MARKET,CANCELED,2.464,0.0,0.0,0.0,,1750685103101,2025-06-23
4628476007,BTCUSDT,BUY,BOTH,LIMIT,FILLED,0.191,0.191,101139.4,101139.4,,1750685104020,2025-06-23
4628485927,BTCUSDT,BUY,BOTH,STOP_MARKET,CANCELED,2.332,0.0,0.0,0.0,,1750685109310,2025-06-23
4628496503,BTCUSDT,BUY,BOTH,STOP_MARKET,CANCELED,2.273,0.0,0.0,0.0,,1750685163734,2025-06-23
4628527032,BTCUSDT,BUY,BOTH,LIMIT,CANCELED,0.192,0.085,101094.2,101094.2,,1750685169832,2025-06-23
4628538194,BTCUSDT,BUY,BOTH,STOP_MARKET,CANCELED,2.243,0.0,0.0,0.0,,1750685170301,2025-06-23
4628546421,BTCUSDT,BUY,BOTH,MARKET,FILLED,0.107,0.107,0.0,101094.8,,1750685169920,2025-06-23
4628551701,BTCUSDT,BUY,BOTH,STOP_MARKET,CANCELED,2.188,0.0,0.0,0.0,,1750685176512,2025-06-23
4628556296,BTCUSDT,BUY,BOTH,STOP_MARKET,CANCELED,2.081,0.0,0.0,0.0,,1750685226932,2025-06-23
4628583681,BTCUSDT,BUY,BOTH,LIMIT,CANCELED,0.191,0.002,101099.0,101099.0,,1750685229783,2025-06-23
4628600949,BTCUSDT,BUY,BOTH,STOP_MARKET,CANCELED,2.079,0.0,0.0,0.0,,1750685233140,2025-06-23
4628601918,BTCUSDT,BUY,BOTH,MARKET,FILLED,0.189,0.189,0.0,101105.1,,1750685229869,2025-06-23
4628605840,BTCUSDT,BUY,BOTH,STOP_MARKET,CANCELED,1.89,0.0,0.0,0.0,,1750685287723,2025-06-23
4628634708,BTCUSDT,SELL,BOTH,LIMIT,CANCELED,0.192,0.104,101104.8,101104.8,,1750685289808,2025-06-23
4628652907,BTCUSDT,BUY,BOTH,STOP_MARKET,CANCELED,1.994,0.0,0.0,0.0,,1750685293940,2025-06-23
4628652962,BTCUSDT,SELL,BOTH,MARKET,FILLED,0.088,0.088,0.0,101103.9,,1750685289889,2025-06-23
4628656923,BTCUSDT,BUY,BOTH,STOP_MARKET,CANCELED,2.082,0.0,0.0,0.0,,1750685344304,2025-06-23
4628688206,BTCUSDT,BUY,BOTH,LIMIT,CANCELED,0.193,0.057,101057.4,101057.4,,1750685350043,2025-06-23
4628699708,BTCUSDT,BUY,BOTH,STOP_MARKET,CANCELED,2.026,0.0,0.0,0.0,,1750685350553,2025-06-23
4628706466,BTCUSDT,BUY,BOTH,MARKET,FILLED,0.136,0.136,0.0,101058.6,,1750685350416,2025-06-23
4628708636,BTCUSDT,BUY,BOTH,STOP_MARKET,CANCELED,2.025,0.0,0.0,0.0,,1750685356781,2025-06-23
4628710787,BTCUSDT,BUY,BOTH,STOP_MARKET,CANCELED,1.889,0.0,0.0,0.0,,1750686657817,2025-06-23
4628738154,BTCUSDT,SELL,BOTH,LIMIT,FILLED,0.191,0.191,101097.5,101097.5,,1750685400920,2025-06-23
4628792285,BTCUSDT,SELL,BOTH,LIMIT,CANCELED,0.191,0.108,101097.3,101097.3,,1750685469675,2025-06-23
4628811985,BTCUSDT,SELL,BOTH,MARKET,FILLED,0.083,0.083,0.0,101079.37831,,1750685469770,2025-06-23
4628849894,BTCUSDT,SELL,BOTH,LIMIT,FILLED,0.191,0.191,100881.0,100881.0,,1750685519572,2025-06-23
4628902922,BTCUSDT,SELL,BOTH,LIMIT,CANCELED,0.191,0.106,100829.9,100829.9,,1750685589588,2025-06-23
4628922473,BTCUSDT,SELL,BOTH,MARKET,FILLED,0.085,0.085,0.0,100820.5,,1750685589675,2025-06-23
4628961551,BTCUSDT,SELL,BOTH,LIMIT,FILLED,0.191,0.191,100964.4,100964.4,,1750685640070,2025-06-23
4629019471,BTCUSDT,SELL,BOTH,LIMIT,CANCELED,0.191,0.117,101062.0,101062.0,,1750685709594,2025-06-23
4629039179,BTCUSDT,SELL,BOTH,MARKET,FILLED,0.074,0.074,0.0,101061.7,,1750685709889,2025-06-23
4629079252,BTCUSDT,SELL,BOTH,LIMIT,FILLED,0.191,0.191,101287.5,101287.5,,1750685762781,2025-06-23
4631337952,BTCUSDT,SELL,BOTH,LIMIT,CANCELED,0.105,0.023,102178.7,102178.7,,1750688049608,2025-06-23
4718703915,BTCUSDT,SELL,BOTH,STOP_MARKET,CANCELED,0.1,0.0,0.0,0.0,,1750808279485,2025-06-25
4718937827,BTCUSDT,BUY,BOTH,LIMIT,FILLED,0.099,0.099,105860.6,105860.6,,1750808283948,2025-06-25
4719049705,BTCUSDT,SELL,BOTH,STOP_MARKET,CANCELED,0.099,0.0,0.0,0.0,,1750808506615,2025-06-25
4719101685,BTCUSDT,BUY,BOTH,STOP_MARKET,CANCELED,0.891,0.0,0.0,0.0,,1750808512816,2025-06-25
4719109332,BTCUSDT,BUY,BOTH,LIMIT,CANCELED,0.097,0.002,105785.0,105785.0,,1750808531178,2025-06-25
4719115321,BTCUSDT,SELL,BOTH,STOP_MARKET,CANCELED,0.002,0.0,0.0,0.0,,1750808533215,2025-06-25
4719115437,BTCUSDT,BUY,BOTH,MARKET,FILLED,0.095,0.095,0.0,105791.0,,1750808531257,2025-06-25
4719117259,BTCUSDT,SELL,BOTH,STOP_MARKET,CANCELED,0.097,0.0,0.0,0.0,,1750850658915,2025-06-25
4749637112,BTCUSDT,SELL,BOTH,MARKET,FILLED,0.097,0.097,0.0,106863.6,,1750850654784,2025-06-25
4749663532,BTCUSDT,SELL,BOTH,LIMIT,CANCELED,0.098,0.0,106893.1,0.0,,1750850710861,2025-06-25
4749677034,BTCUSDT,SELL,BOTH,MARKET,FILLED,0.098,0.098,0.0,106893.0,,1750850710948,2025-06-25
4749678469,BTCUSDT,BUY,BOTH,STOP_MARKET,CANCELED,0.098,0.0,0.0,0.0,,1750862558474,2025-06-25
4758617214,BTCUSDT,BUY,BOTH,MARKET,FILLED,0.098,0.098,0.0,107666.19388,,1750862554368,2025-06-25
4758642627,BTCUSDT,SELL,BOTH,LIMIT,FILLED,0.096,0.096,107671.6,107671.6,,1750862586139,2025-06-25
4758645587,BTCUSDT,BUY,BOTH,STOP_MARKET,CANCELED,0.014,0.0,0.0,0.0,,1750862588849,2025-06-25
4758646030,BTCUSDT,BUY,BOTH,STOP_MARKET,CANCELED,0.096,0.0,0.0,0.0,,1750863353537,2025-06-25
4759216490,BTCUSDT,BUY,BOTH,MARKET,FILLED,0.096,0.096,0.0,107645.8,,1750863353625,2025-06-25
4759224109,BTCUSDT,BUY,BOTH,LIMIT,CANCELED,0.096,0.084,107636.7,107636.66667,,1750863371042,2025-06-25
4759228091,BTCUSDT,SELL,BOTH,STOP_MARKET,CANCELED,0.004,0.0,0.0,0.0,,1750863368434,2025-06-25
4759230336,BTCUSDT,SELL,BOTH,STOP_MARKET,CANCELED,0.065,0.0,0.0,0.0,,1750863374618,2025-06-25
4759230372,BTCUSDT,BUY,BOTH,MARKET,FILLED,0.012,0.012,0.0,107639.38333,,1750863371129,2025-06-25
4759233227,BTCUSDT,SELL,BOTH,MARKET,FILLED,0.096,0.096,0.0,107613.36042,,1750863376664,2025-06-25
4759233311,BTCUSDT,SELL,BOTH,STOP_MARKET,CANCELED,0.096,0.0,0.0,0.0,,1750863380862,2025-06-25
4759714395,BTCUSDT,BUY,BOTH,LIMIT,CANCELED,0.096,0.015,107333.2,107333.2,,1750864030816,2025-06-25
4759719521,BTCUSDT,SELL,BOTH,STOP_MARKET,CANCELED,0.015,0.0,0.0,0.0,,1750864033018,2025-06-25
4759723193,BTCUSDT,BUY,BOTH,MARKET,FILLED,0.081,0.081,0.0,107334.89259,,1750864030897,2025-06-25
4759723738,BTCUSDT,SELL,BOTH,STOP_MARKET,CANCELED,0.096,0.0,0.0,0.0,,1750864047510,2025-06-25
4759734613,BTCUSDT,SELL,BOTH,MARKET,FILLED,0.096,0.096,0.0,107289.90417,,1750864047730,2025-06-25
4760073289,BTCUSDT,SELL,BOTH,LIMIT,FILLED,0.095,0.095,107419.2,107419.2,,1750864504328,2025-06-25
4760077297,BTCUSDT,BUY,BOTH,STOP_MARKET,CANCELED,0.005,0.0,0.0,0.0,,1750864507996,2025-06-25
4760083247,BTCUSDT,BUY,BOTH,STOP_MARKET,CANCELED,0.095,0.0,0.0,0.0,,1750864603210,2025-06-25
4760150568,BTCUSDT,BUY,BOTH,MARKET,FILLED,0.095,0.095,0.0,107348.07895,,1750864603294,2025-06-25
4761338863,BTCUSDT,SELL,BOTH,LIMIT,CANCELED,0.096,0.004,107003.6,107003.6,,1750866250987,2025-06-25
4761343609,BTCUSDT,BUY,BOTH,STOP_MARKET,CANCELED,0.004,0.0,0.0,0.0,,1750866254565,2025-06-25
4761349468,BTCUSDT,SELL,BOTH,MARKET,FILLED,0.092,0.092,0.0,107000.0,,1750866251069,2025-06-25
4761352785,BTCUSDT,BUY,BOTH,STOP_MARKET,CANCELED,0.096,0.0,0.0,0.0,,1750870028754,2025-06-26
4764146312,BTCUSDT,SELL,BOTH,LIMIT,CANCELED,0.095,0.019,107044.7,107044.7,0.0,1750870090755,2025-06-26
4764152123,BTCUSDT,BUY,BOTH,STOP_MARKET,CANCELED,0.017,0.0,0.0,0.0,,1750870089372,2025-06-26
4764154119,BTCUSDT,SELL,BOTH,MARKET,FILLED,0.076,0.076,0.0,107039.0,-0.087,1750870090839,2025-06-26
4764154191,BTCUSDT,BUY,BOTH,STOP_MARKET,CANCELED,0.019,0.0,0.0,0.0,,1750870095690,2025-06-26
4764156035,BTCUSDT,BUY,BOTH,STOP_MARKET,CANCELED,0.095,0.0,0.0,0.0,,1750871819954,2025-06-26
4765371537,BTCUSDT,BUY,BOTH,MARKET,FILLED,0.095,0.095,0.0,107398.8,-34.073,1750871815684,2025-06-26
4765373467,BTCUSDT,SELL,BOTH,LIMIT,FILLED,0.094,0.094,107397.4,107397.4,0.0,1750871821924,2025-06-26
4765378064,BTCUSDT,BUY,BOTH,STOP_MARKET,CANCELED,0.014,0.0,0.0,0.0,,1750871828127,2025-06-26
4765386044,BTCUSDT,BUY,BOTH,STOP_MARKET,CANCELED,0.094,0.0,0.0,0.0,,1750954204863,2025-06-27
4824684387,BTCUSDT,BUY,BOTH,MARKET,FILLED,0.091,0.091,0.0,107123.8,-0.333,1750954638671,2025-06-27
4824973152,BTCUSDT,SELL,BOTH,MARKET,FILLED,0.094,0.094,0.0,107109.0,-1.072,1750955047003,2025-06-27
4825015786,BTCUSDT,BUY,BOTH,LIMIT,FILLED,0.094,0.094,107150.7,107150.7,-0.0,1750955105658,2025-06-27
4825020127,BTCUSDT,SELL,BOTH,STOP_MARKET,CANCELED,0.094,0.0,0.0,0.0,,1750955338713,2025-06-27
4826503217,BTCUSDT,SELL,BOTH,LIMIT,FILLED,0.093,0.093,107087.2,107087.2,0.0,1750957146250,2025-06-27
4826505853,BTCUSDT,BUY,BOTH,STOP_MARKET,CANCELED,0.01,0.0,0.0,0.0,,1750957148732,2025-06-27
4826507760,BTCUSDT,BUY,BOTH,STOP_MARKET,CANCELED,0.093,0.0,0.0,0.0,,1750959622531,2025-06-27
4828366645,BTCUSDT,BUY,BOTH,MARKET,FILLED,0.093,0.093,0.0,107204.4,-10.9,1750959622612,2025-06-27
4828392258,BTCUSDT,SELL,BOTH,LIMIT,FILLED,0.092,0.092,107231.1,107231.1,13.239,1750959659872,2025-06-27
4828393940,BTCUSDT,BUY,BOTH,STOP_MARKET,CANCELED,0.092,0.0,0.0,0.0,,1750960898268,2025-06-27
4829286414,BTCUSDT,BUY,BOTH,MARKET,FILLED,0.092,0.092,0.0,107100.7,11.997,1750960892907,2025-06-27
4829306307,BTCUSDT,SELL,BOTH,LIMIT,FILLED,0.092,0.092,107135.5,107135.5,0.0,1750960920328,2025-06-27
4829308110,BTCUSDT,BUY,BOTH,STOP_MARKET,CANCELED,0.092,0.0,0.0,0.0,,1750961297018,2025-06-27
4829593510,BTCUSDT,BUY,BOTH,MARKET,FILLED,0.092,0.092,0.0,107380.86739,-22.574,1750961297102,2025-06-27
4829670932,BTCUSDT,SELL,BOTH,LIMIT,FILLED,0.091,0.091,107385.4,107385.4,0.0,1750961400828,2025-06-27
4829672202,BTCUSDT,BUY,BOTH,STOP_MARKET,CANCELED,0.091,0.0,0.0,0.0,,1750987269640,2025-06-27
4847520859,BTCUSDT,BUY,BOTH,MARKET,FILLED,0.091,0.091,0.0,106783.7,54.755,1750987266502,2025-06-27
4847553195,BTCUSDT,BUY,BOTH,LIMIT,CANCELED,0.093,0.039,106822.0,106822.0,-0.0,1750987329862,2025-06-27
4847558569,BTCUSDT,SELL,BOTH,STOP_MARKET,CANCELED,0.039,0.0,0.0,0.0,,1750987332137,2025-06-27
4847561386,BTCUSDT,BUY,BOTH,MARKET,FILLED,0.054,0.054,0.0,106828.2,-0.242,1750987329944,2025-06-27
4847563609,BTCUSDT,SELL,BOTH,STOP_MARKET,CANCELED,0.093,0.0,0.0,0.0,,1750987414811,2025-06-27
4847614161,BTCUSDT,SELL,BOTH,MARKET,FILLED,0.039,0.039,0.0,106864.5,1.517,1750987413044,2025-06-27
4847616072,BTCUSDT,SELL,BOTH,STOP_MARKET,CANCELED,0.054,0.0,0.0,0.0,,1750991974408,2025-06-27
4850584663,BTCUSDT,SELL,BOTH,MARKET,FILLED,0.054,0.054,0.0,107194.9,19.942,1750991972918,2025-06-27
4850605296,BTCUSDT,BUY,BOTH,LIMIT,FILLED,0.093,0.093,107184.1,107184.1,-0.0,1750991999680,2025-06-27
4850608978,BTCUSDT,SELL,BOTH,STOP_MARKET,CANCELED,0.093,0.0,0.0,0.0,,1751023509635,2025-06-27
4870948840,BTCUSDT,SELL,BOTH,MARKET,FILLED,0.093,0.093,0.0,107000.0,-17.121,1751023509727,2025-06-27
4870982279,BTCUSDT,SELL,BOTH,LIMIT,FILLED,0.093,0.093,107000.4,107000.4,0.0,1751023566762,2025-06-27
4870982571,BTCUSDT,BUY,BOTH,STOP_MARKET,CANCELED,0.001,0.0,0.0,0.0,,1751023570077,2025-06-27
4870987128,BTCUSDT,BUY,BOTH,MARKET,FILLED,0.002,0.002,0.0,107000.4,-0.0,1751023571362,2025-06-27
4870987991,BTCUSDT,BUY,BOTH,STOP_MARKET,CANCELED,0.093,0.0,0.0,0.0,,1751023576292,2025-06-27
4870993363,BTCUSDT,BUY,BOTH,STOP_MARKET,CANCELED,0.091,0.0,0.0,0.0,,1751023965962,2025-06-27
4871224663,BTCUSDT,BUY,BOTH,MARKET,FILLED,0.091,0.091,0.0,106892.6,9.81,1751023963418,2025-06-27
4871237920,BTCUSDT,SELL,BOTH,LIMIT,FILLED,0.093,0.093,106888.6,106888.6,0.0,1751023985548,2025-06-27
4871240813,BTCUSDT,BUY,BOTH,STOP_MARKET,CANCELED,0.093,0.0,0.0,0.0,,1751025812472,2025-06-27
4872347839,BTCUSDT,BUY,BOTH,MARKET,FILLED,0.093,0.093,0.0,106911.9,-2.167,1751025812564,2025-06-27
4872369955,BTCUSDT,SELL,BOTH,LIMIT,FILLED,0.093,0.093,106899.6,106899.6,0.0,1751025850170,2025-06-27
4872372123,BTCUSDT,BUY,BOTH,STOP_MARKET,CANCELED,0.001,0.0,0.0,0.0,,1751025852150,2025-06-27
4872373509,BTCUSDT,BUY,BOTH,STOP_MARKET,CANCELED,0.093,0.0,0.0,0.0,,1751025906713,2025-06-27
4872408971,BTCUSDT,BUY,BOTH,MARKET,FILLED,0.002,0.002,0.0,106899.7,-0.0,1751025904205,2025-06-27
4872409133,BTCUSDT,BUY,BOTH,STOP_MARKET,CANCELED,0.091,0.0,0.0,0.0,,1751026096914,2025-06-27
4872520337,BTCUSDT,BUY,BOTH,MARKET,FILLED,0.091,0.091,0.0,106894.4,0.473,1751026097010,2025-06-27
4872550643,BTCUSDT,BUY,BOTH,LIMIT,CANCELED,0.092,0.0,106907.3,0.0,,1751026151173,2025-06-27
4872554637,BTCUSDT,BUY,BOTH,MARKET,FILLED,0.092,0.092,0.0,106920.9,-0.0,1751026151311,2025-06-27
4872556124,BTCUSDT,SELL,BOTH,STOP_MARKET,CANCELED,0.092,0.0,0.0,0.0,,1751027104650,2025-06-27
4873146511,BTCUSDT,SELL,BOTH,MARKET,FILLED,0.092,0.092,0.0,107109.3,17.333,1751027103359,2025-06-27
4873180302,BTCUSDT,BUY,BOTH,LIMIT,CANCELED,0.093,0.0,107110.8,0.0,,1751027171237,2025-06-27
4873189138,BTCUSDT,BUY,BOTH,MARKET,FILLED,0.093,0.093,0.0,107111.8,-0.0,1751027171332,2025-06-27
4873189266,BTCUSDT,SELL,BOTH,STOP_MARKET,CANCELED,0.093,0.0,0.0,0.0,,1751027496830,2025-06-27
4873398710,BTCUSDT,SELL,BOTH,MARKET,FILLED,0.093,0.093,0.0,106843.9,-24.915,1751027495070,2025-06-27
4873417935,BTCUSDT,SELL,BOTH,LIMIT,CANCELED,0.092,0.0,106737.3,0.0,,1751027531353,2025-06-27
4873426392,BTCUSDT,SELL,BOTH,MARKET,FILLED,0.092,0.092,0.0,106737.0,0.0,1751027531459,2025-06-27
4873426926,BTCUSDT,BUY,BOTH,STOP_MARKET,CANCELED,0.092,0.0,0.0,0.0,,1751028796881,2025-06-27
4874235649,BTCUSDT,BUY,BOTH,MARKET,FILLED,0.092,0.092,0.0,106774.2,-3.422,1751028796969,2025-06-27
4874335040,BTCUSDT,BUY,BOTH,LIMIT,FILLED,0.092,0.092,106706.1,106706.1,-0.0,1751028962235,2025-06-27
4874339780,BTCUSDT,SELL,BOTH,STOP_MARKET,CANCELED,0.092,0.0,0.0,0.0,,1751030860623,2025-06-27
4875551166,BTCUSDT,SELL,BOTH,MARKET,FILLED,0.092,0.092,0.0,106636.2413,-6.427,1751030860785,2025-06-27
4875564375,BTCUSDT,SELL,BOTH,LIMIT,FILLED,0.092,0.092,106638.6,106638.6,0.0,1751030881614,2025-06-27
5025100379,BTCUSDT,BUY,BOTH,MARKET,FILLED,0.092,0.092,0.00,107053.20000,-38.143,1751295119377,2025-06-30
5025101332,BTCUSDT,SELL,BOTH,LIMIT,FILLED,0.090,0.090,107046.20,107046.20000,36.684,1751295121283,2025-06-30
5025101647,BTCUSDT,BUY,BOTH,STOP_MARKET,CANCELED,0.092,0.000,0.00,0.00,,1751295125478,2025-06-30
5025104827,BTCUSDT,BUY,BOTH,STOP_MARKET,CANCELED,0.090,0.000,0.00,0.00,,1751295208031,2025-06-30
5025148153,BTCUSDT,BUY,BOTH,MARKET,FILLED,0.090,0.090,0.00,107000.57222,4.107,1751295205328,2025-06-30
5025173102,BTCUSDT,SELL,BOTH,LIMIT,FILLED,0.090,0.090,107017.60,107017.60000,0.0,1751295250746,2025-06-30
5025175254,BTCUSDT,BUY,BOTH,STOP_MARKET,CANCELED,0.015,0.000,0.00,0.00,,1751295250351,2025-06-30
5025175908,BTCUSDT,BUY,BOTH,STOP_MARKET,CANCELED,0.045,0.000,0.00,0.00,,1751295256500,2025-06-30
5025177423,BTCUSDT,BUY,BOTH,MARKET,FILLED,0.017,0.017,0.00,107022.57059,-0.085,1751295256467,2025-06-30
5025178857,BTCUSDT,BUY,BOTH,STOP_MARKET,CANCELED,0.090,0.000,0.00,0.00,,1751295262691,2025-06-30
5025184260,BTCUSDT,BUY,BOTH,STOP_MARKET,CANCELED,0.073,0.000,0.00,0.00,,1751295268857,2025-06-30
5025186215,BTCUSDT,BUY,BOTH,MARKET,FILLED,0.073,0.073,0.00,107009.60000,0.584,1751295267473,2025-06-30
5025207543,BTCUSDT,SELL,BOTH,LIMIT,FILLED,0.090,0.090,107001.20,107001.20000,0.0,1751295305617,2025-06-30
5025209742,BTCUSDT,BUY,BOTH,STOP_MARKET,CANCELED,0.048,0.000,0.00,0.00,,1751295309396,2025-06-30
5025211171,BTCUSDT,BUY,BOTH,STOP_MARKET,CANCELED,0.090,0.000,0.00,0.00,,1751295331670,2025-06-30
5025221797,BTCUSDT,BUY,BOTH,MARKET,FILLED,0.048,0.048,0.00,107002.90000,-0.082,1751295328607,2025-06-30
5025225425,BTCUSDT,BUY,BOTH,STOP_MARKET,CANCELED,0.042,0.000,0.00,0.00,,1751295566950,2025-06-30
5025359747,BTCUSDT,BUY,BOTH,MARKET,FILLED,0.042,0.042,0.00,106932.30000,2.894,1751295565036,2025-06-30
5025387125,BTCUSDT,SELL,BOTH,LIMIT,FILLED,0.090,0.090,106836.10,106836.10000,0.0,1751295600963,2025-06-30
5025390287,BTCUSDT,BUY,BOTH,STOP_MARKET,CANCELED,0.090,0.000,0.00,0.00,,1751296657417,2025-06-30
5026012385,BTCUSDT,BUY,BOTH,MARKET,FILLED,0.090,0.090,0.00,106757.65556,7.06,1751296653139,2025-06-30
5026032336,BTCUSDT,SELL,BOTH,LIMIT,FILLED,0.090,0.090,106770.90,106770.90000,0.0,1751296687194,2025-06-30
5026034303,BTCUSDT,BUY,BOTH,STOP_MARKET,CANCELED,0.008,0.000,0.00,0.00,,1751296687780,2025-06-30
5026037784,BTCUSDT,BUY,BOTH,STOP_MARKET,CANCELED,0.090,0.000,0.00,0.00,,1751296738036,2025-06-30
5026069152,BTCUSDT,BUY,BOTH,MARKET,FILLED,0.019,0.019,0.00,106705.56842,1.241,1751296734324,2025-06-30
5026071397,BTCUSDT,BUY,BOTH,STOP_MARKET,CANCELED,0.071,0.000,0.00,0.00,,1751297418956,2025-06-30
5026489958,BTCUSDT,BUY,BOTH,MARKET,FILLED,0.090,0.090,0.00,107145.20000,-26.575,1751297416393,2025-06-30
5026493347,BTCUSDT,SELL,BOTH,STOP_MARKET,CANCELED,0.019,0.000,0.00,0.00,,1751297441255,2025-06-30
5026507089,BTCUSDT,SELL,BOTH,MARKET,FILLED,0.019,0.019,0.00,107200.40000,1.049,1751297437412,2025-06-30
5026569825,BTCUSDT,BUY,BOTH,LIMIT,FILLED,0.089,0.089,107067.20,107067.20000,-0.0,1751297526615,2025-06-30
5026575404,BTCUSDT,SELL,BOTH,STOP_MARKET,NEW,0.089,0.000,0.00,0.00,,1751297529756,2025-06-30
